{"stats":{"minecraft:dropped":{"sophisticatedbackpacks:iron_backpack":2,"minecraft:iron_sword":1,"minecraft:cooked_beef":11,"minecraft:diamond":18,"minecraft:dark_oak_sapling":1,"minecraft:cooked_porkchop":17,"minecraft:leather":35,"farmersdelight:canvas_rug":1,"born_in_chaos_v1:pieceofdarkmetal":1,"born_in_chaos_v1:nightmare_claw":2,"graveyard:corruption":1,"minecraft:red_carpet":1,"born_in_chaos_v1:monster_flesh":1,"minecraft:dirt":515,"minecraft:gray_concrete":2,"minecraft:dark_oak_log":64,"minecraft:dispenser":1,"minecraft:stone_button":1,"minecraft:cornflower":1,"moguns:9x19":128,"born_in_chaos_v1:fel_lamp":1,"sophisticatedbackpacks:netherite_backpack":1,"minecraft:iron_pickaxe":1,"minecraft:fermented_spider_eye":2,"minecraft:gold_ingot":8,"minecraft:bone":22,"minecraft:white_tulip":1,"minecraft:stone_axe":1,"minecraft:lever":2,"minecraft:polished_andesite_slab":2,"minecraft:cooked_chicken":2,"minecraft:cobbled_deepslate":19,"minecraft:andesite_slab":2,"minecraft:beetroot":2,"minecraft:rotten_flesh":31,"minecraft:oak_planks":24,"minecraft:azure_bluet":4,"sophisticatedbackpacks:diamond_backpack":1,"minecraft:carrot":5,"minecraft:sandstone_wall":1,"minecraft:poppy":10,"cgm:short_scope":1,"minecraft:gunpowder":4,"minecraft:charcoal":2,"cgm:long_scope":1,"knight_quest:kq_great_essence":1,"farmersdelight:rope":1,"minecraft:arrow":2,"cgm:heavy_rifle":1,"minecraft:quartz":1,"minecraft:stone_brick_stairs":1,"moguns:awp":1,"minecraft:enchanted_book":2,"minecraft:iron_ingot":287,"minecraft:bread":16,"moguns:45acp":28,"minecraft:black_dye":1,"minecraft:wheat_seeds":7,"simpletomb:grave_key":3,"minecraft:poisonous_potato":1,"minecraft:feather":20,"minecraft:cobblestone":3,"born_in_chaos_v1:orbofthe_summoner":1,"minecraft:copper_ingot":4,"born_in_chaos_v1:soul_cutlass":1,"minecraft:golden_apple":1,"minecraft:coal":7,"moguns:glock17":1,"moguns:m1911":1,"minecraft:mossy_cobblestone_slab":1,"minecraft:diorite":2,"born_in_chaos_v1:river_mint":1,"cgm:medium_scope":1,"minecraft:torch":8,"born_in_chaos_v1:staffofthe_summoner":1,"minecraft:rose_bush":2,"minecraft:potion":1,"minecraft:iron_leggings":3,"minecraft:orange_bed":1,"minecraft:iron_shovel":2,"minecraft:string":15,"minecraft:acacia_planks":6,"minecraft:redstone":5,"minecraft:dandelion":4,"minecraft:anvil":1,"minecraft:stone_sword":3,"minecraft:cocoa_beans":8,"born_in_chaos_v1:rotten_fish":4,"minecraft:polished_deepslate_slab":4,"moguns:g36c":2,"minecraft:iron_boots":1,"minecraft:slime_block":1,"minecraft:cobbled_deepslate_slab":12,"minecraft:lily_of_the_valley":1,"minecraft:cobblestone_slab":1,"moguns:scar_l":2,"minecraft:allium":1,"minecraft:diamond_pickaxe":1,"sanitydim:garland":8,"minecraft:mossy_stone_bricks":2,"minecraft:oak_sapling":3,"minecraft:wooden_shovel":2,"minecraft:stone_pressure_plate":10,"minecraft:spider_eye":3,"minecraft:stone_bricks":1,"minecraft:sandstone":2,"minecraft:blue_orchid":1,"minecraft:bow":1,"moguns:556x45":257,"minecraft:wooden_pickaxe":1,"minecraft:black_wool":1},"minecraft:used":{"minecraft:shield":37,"minecraft:white_terracotta":1,"minecraft:iron_sword":148,"minecraft:iron_chestplate":1,"minecraft:mutton":7,"sanitydim:garland":5,"moguns:glock17":103,"born_in_chaos_v1:soul_cutlass":76,"born_in_chaos_v1:corpse_maggot":3,"butchercraft:pork_tenderloin":1,"born_in_chaos_v1:fel_lamp":35,"minecraft:furnace":1,"moguns:scar_h":7,"cgm:heavy_rifle":1,"moguns:akm_custom":4,"minecraft:stone_pickaxe":126,"minecraft:oak_planks":89,"minecraft:wooden_pickaxe":47,"minecraft:diamond_axe":142,"moguns:m1911":4,"minecraft:golden_apple":9,"minecraft:melon_slice":18,"minecraft:bread":44,"moguns:g36c":320,"minecraft:diamond_sword":67,"moguns:butterfly_gun":12,"minecraft:smithing_table":1,"minecraft:bone_meal":1,"minecraft:rose_bush":1,"minecraft:stone_sword":198,"moguns:remington_870":1,"minecraft:stone_shovel":130,"moguns:mp5":5,"minecraft:cooked_salmon":4,"born_in_chaos_v1:fried_maggot":12,"minecraft:cooked_chicken":4,"simpletomb:grave_key":93,"minecraft:orange_bed":11,"minecraft:torch":60,"minecraft:dirt":409,"cgm:workbench":1,"slenderman:slender_planks":1,"cgm:rifle":4,"minecraft:smooth_quartz":1,"minecraft:beef":3,"minecraft:cooked_beef":4,"minecraft:cobbled_deepslate":1,"minecraft:cooked_mutton":15,"minecraft:water_bucket":41,"minecraft:lead":2,"minecraft:crafting_table":14,"minecraft:white_bed":5,"minecraft:oak_log":5,"minecraft:diamond_pickaxe":15,"minecraft:iron_pickaxe":53,"born_in_chaos_v1:staffofthe_summoner":2,"minecraft:stone_axe":164,"minecraft:cobblestone":87,"minecraft:porkchop":1,"minecraft:cooked_porkchop":15,"minecraft:bucket":42,"minecraft:pumpkin_pie":8,"minecraft:stripped_oak_log":1},"minecraft:killed":{"born_in_chaos_v1:mr_pumpkin":3,"born_in_chaos_v1:sir_the_headless":1,"born_in_chaos_v1:door_knight_not_despawn":1,"minecraft:spider":4,"minecraft:skeleton":14,"minecraft:chicken":12,"minecraft:silverfish":8,"minecraft:skeleton_horse":1,"minecraft:pig":6,"minecraft:iron_golem":1,"minecraft:creeper":2,"kevin_trophy:blister_zombie":1,"minecraft:sheep":12,"minecraft:zombie":9,"born_in_chaos_v1:dread_hound":1,"born_in_chaos_v1:corpse_fly":5,"minecraft:cow":7,"graveyard:nightmare":1,"born_in_chaos_v1:thornshell_crab":1,"born_in_chaos_v1:maggot":10,"minecraft:phantom":2,"born_in_chaos_v1:pumpkinhead":1,"born_in_chaos_v1:corpse_fish":3,"minecraft:husk":1,"born_in_chaos_v1:felsteed":2,"graveyard:ghoul":2,"born_in_chaos_v1:swarmer":1,"minecraft:squid":3,"born_in_chaos_v1:bloody_gadfly":1,"kevin_trophy:crawler_zombie":2,"minecraft:wither_skeleton":2,"born_in_chaos_v1:controlled_baby_skeleton":1,"kevin_trophy:zombie_brute":1},"minecraft:broken":{"sanitydim:garland":13,"minecraft:stone_pickaxe":1,"minecraft:stone_axe":1,"minecraft:stone_shovel":1,"minecraft:stone_sword":1,"minecraft:wooden_pickaxe":1,"minecraft:leather_boots":1},"minecraft:custom":{"minecraft:interact_with_crafting_table":85,"minecraft:open_barrel":27,"minecraft:bell_ring":1,"minecraft:leave_game":9,"minecraft:time_since_death":98096,"minecraft:sprint_one_cm":936892,"minecraft:damage_blocked_by_shield":2635,"minecraft:drop":265,"minecraft:play_noteblock":2,"minecraft:play_time":569973,"minecraft:deaths":34,"minecraft:jump":7491,"minecraft:walk_on_water_one_cm":49897,"minecraft:interact_with_furnace":67,"minecraft:sleep_in_bed":21,"minecraft:damage_dealt":18707,"minecraft:player_kills":12,"minecraft:crouch_one_cm":53695,"minecraft:horse_one_cm":179622,"minecraft:interact_with_smithing_table":3,"minecraft:interact_with_anvil":9,"minecraft:mob_kills":128,"minecraft:damage_dealt_resisted":2643,"minecraft:climb_one_cm":25487,"minecraft:walk_one_cm":941612,"minecraft:sneak_time":23477,"minecraft:walk_under_water_one_cm":63521,"minecraft:interact_with_blast_furnace":2,"minecraft:total_world_time":569973,"minecraft:tune_noteblock":1,"minecraft:interact_with_stonecutter":1,"minecraft:time_since_rest":35816,"minecraft:damage_absorbed":280,"minecraft:damage_taken":20092,"minecraft:trigger_trapped_chest":9,"minecraft:swim_one_cm":59732,"minecraft:fly_one_cm":1316126,"minecraft:open_chest":67,"minecraft:fall_one_cm":272869},"minecraft:killed_by":{"born_in_chaos_v1:nightmare_stalker":2,"born_in_chaos_v1:mr_pumpkin":1,"minecraft:creeper":1,"born_in_chaos_v1:bone_imp_minion":1,"sanitydim:sneaking_terror":2,"minecraft:silverfish":3,"the_one_who_watches:toww_running":2,"minecraft:zombie":1,"slenderman:slenderman":1,"midnightlurker:midnight_lurker_stare":1,"minecraft:husk":2,"minecraft:player":5,"minecraft:enderman":1,"born_in_chaos_v1:decrepit_skeleton":1,"minecraft:skeleton":4},"minecraft:picked_up":{"minecraft:iron_chestplate":1,"minecraft:redstone_block":1,"minecraft:lead":1,"minecraft:potion":1,"minecraft:stone_brick_stairs":1,"moguns:g36c":3,"born_in_chaos_v1:holiday_candy":28,"minecraft:string":32,"minecraft:raw_copper":25,"minecraft:cooked_salmon":1,"cgm:long_scope":1,"minecraft:iron_leggings":4,"minecraft:beetroot":2,"minecraft:cobbled_deepslate":20,"cgm:short_scope":2,"minecraft:white_tulip":4,"minecraft:rose_bush":3,"minecraft:cobblestone_slab":1,"minecraft:wooden_shovel":2,"minecraft:smooth_quartz":1,"minecraft:iron_pickaxe":1,"sophisticatedbackpacks:netherite_backpack":1,"minecraft:melon_slice":18,"minecraft:iron_boots":3,"minecraft:torch":30,"minecraft:acacia_log":6,"minecraft:sandstone_wall":1,"born_in_chaos_v1:pileof_dark_metal":1,"minecraft:porkchop":13,"born_in_chaos_v1:fel_soil":141,"minecraft:diorite":2,"born_in_chaos_v1:nightmare_claw":2,"cgm:medium_scope":1,"minecraft:orange_bed":12,"minecraft:stone_sword":3,"minecraft:rotten_flesh":31,"farmersdelight:onion":4,"minecraft:red_tulip":7,"slenderman:slender_apple":1,"minecraft:white_terracotta":1,"minecraft:cobblestone":134,"butchercraft:pork_tenderloin":1,"minecraft:birch_log":1,"minecraft:mossy_cobblestone_slab":1,"minecraft:feather":18,"minecraft:cooked_beef":6,"minecraft:potato":3,"minecraft:tuff":1,"cgm:heavy_rifle":1,"minecraft:gray_concrete":2,"minecraft:dirt":144,"born_in_chaos_v1:staffofthe_summoner":1,"minecraft:name_tag":1,"born_in_chaos_v1:monster_skin":13,"born_in_chaos_v1:marigolds":4,"minecraft:bone":37,"minecraft:bow":1,"minecraft:wheat_seeds":20,"minecraft:orange_tulip":2,"minecraft:cobbled_deepslate_slab":12,"moguns:scar_l":1,"moguns:awp":1,"minecraft:mossy_stone_bricks":2,"minecraft:oak_planks":16,"minecraft:cooked_porkchop":6,"cgm:rifle":1,"minecraft:poisonous_potato":1,"minecraft:sand":13,"minecraft:lily_of_the_valley":1,"sophisticatedbackpacks:iron_backpack":1,"minecraft:ink_sac":6,"minecraft:fermented_spider_eye":2,"slenderman:slender_planks":1,"minecraft:dark_oak_log":198,"minecraft:mossy_cobblestone":2,"moguns:m1911":1,"minecraft:white_candle":4,"minecraft:dispenser":1,"minecraft:soul_lantern":1,"minecraft:lever":2,"minecraft:bone_meal":3,"minecraft:golden_apple":2,"minecraft:spruce_sign":1,"minecraft:oak_sapling":3,"born_in_chaos_v1:rotten_fish":6,"minecraft:andesite_slab":2,"minecraft:diamond_pickaxe":1,"minecraft:charcoal":2,"minecraft:cocoa_beans":22,"minecraft:crafting_table":15,"minecraft:allium":23,"minecraft:azure_bluet":12,"minecraft:chicken":12,"born_in_chaos_v1:river_mint":2,"moguns:45acp":32,"minecraft:wooden_pickaxe":1,"minecraft:shield":1,"minecraft:cornflower":8,"minecraft:iron_shovel":2,"minecraft:blue_orchid":1,"graveyard:corruption":4,"moguns:556x45":61,"graveyard:gravestone":1,"minecraft:beef":23,"minecraft:poppy":37,"farmersdelight:canvas_rug":1,"minecraft:sugar_cane":55,"minecraft:chest":1,"minecraft:egg":5,"minecraft:dark_oak_sapling":2,"minecraft:sandstone":4,"minecraft:raw_iron":6,"minecraft:polished_deepslate_slab":4,"minecraft:stone":10,"minecraft:note_block":2,"minecraft:spruce_fence":3,"minecraft:stone_button":1,"graveyard:small_cyan_urn":1,"born_in_chaos_v1:pieceofdarkmetal":1,"minecraft:carrot":5,"minecraft:stone_pressure_plate":10,"minecraft:arrow":16,"minecraft:hay_block":3,"minecraft:pink_tulip":5,"born_in_chaos_v1:spiny_shell":2,"minecraft:gold_ingot":13,"minecraft:mutton":19,"minecraft:skeleton_skull":1,"minecraft:white_wool":10,"minecraft:oxeye_daisy":14,"minecraft:stripped_oak_log":1,"knight_quest:kq_diamon_repair":1,"born_in_chaos_v1:corpse_maggot":16,"born_in_chaos_v1:monster_flesh":1,"born_in_chaos_v1:pumpkin_staff":1,"minecraft:leather":36,"minecraft:oak_log":48,"minecraft:gunpowder":8,"simpletomb:grave_key":3,"sanitydim:garland":2,"moguns:glock17":1,"minecraft:cooked_mutton":1,"minecraft:red_carpet":1,"born_in_chaos_v1:soul_cutlass":2,"minecraft:stone_bricks":1,"minecraft:iron_ingot":12,"minecraft:stone_pickaxe":1,"born_in_chaos_v1:fel_lamp":2,"minecraft:polished_andesite_slab":4,"minecraft:iron_sword":1,"minecraft:soul_sand":1,"minecraft:book":12,"moguns:762x51":180,"minecraft:black_candle":2,"minecraft:pumpkin":40,"born_in_chaos_v1:orbofthe_summoner":1,"minecraft:quartz":2,"minecraft:dandelion":70,"minecraft:gravel":15,"minecraft:white_bed":4,"minecraft:spider_eye":3,"minecraft:stone_axe":1,"minecraft:iron_helmet":1,"knight_quest:kq_great_essence":4,"minecraft:gray_wool":1,"minecraft:black_wool":2,"minecraft:coal":22},"minecraft:mined":{"minecraft:stone_pressure_plate":8,"minecraft:white_bed":3,"minecraft:jungle_leaves":20,"minecraft:acacia_log":6,"minecraft:grass_block":66,"minecraft:infested_cobblestone":1,"minecraft:oxeye_daisy":15,"minecraft:spawner":2,"minecraft:tall_seagrass":1,"minecraft:weeping_vines_plant":3,"minecraft:mossy_cobblestone_slab":1,"minecraft:iron_ore":6,"minecraft:fire":2,"minecraft:pumpkin":16,"minecraft:azure_bluet":10,"minecraft:red_tulip":6,"minecraft:polished_deepslate_slab":4,"minecraft:dirt_path":1,"minecraft:black_candle":1,"minecraft:pink_tulip":5,"minecraft:spruce_slab":1,"minecraft:orange_bed":12,"minecraft:tripwire":3,"minecraft:soul_lantern":1,"minecraft:torch":8,"minecraft:note_block":2,"minecraft:poppy":24,"minecraft:melon":3,"minecraft:chest":1,"minecraft:white_candle":1,"minecraft:cobblestone":4,"minecraft:oak_planks":12,"minecraft:sugar_cane":20,"graveyard:gravestone":1,"minecraft:wall_torch":11,"minecraft:skeleton_skull":1,"minecraft:birch_log":1,"born_in_chaos_v1:river_mint":2,"minecraft:orange_tulip":2,"minecraft:grass":135,"minecraft:oak_log":47,"minecraft:dirt":79,"minecraft:sand":13,"minecraft:sandstone_wall":1,"graveyard:small_cyan_urn":1,"born_in_chaos_v1:infernal_evil_pumpkin_s":2,"minecraft:dispenser":1,"slenderman:slender_planks":1,"minecraft:oak_leaves":16,"minecraft:mossy_cobblestone":2,"minecraft:dark_oak_leaves":3,"minecraft:dark_oak_log":139,"minecraft:cobbled_deepslate_slab":4,"minecraft:allium":14,"minecraft:spruce_fence":3,"born_in_chaos_v1:fel_soil":41,"minecraft:weeping_vines":1,"minecraft:polished_andesite_slab":1,"minecraft:spruce_leaves":1,"minecraft:large_fern":1,"minecraft:hay_block":3,"farmersdelight:wild_onions":5,"minecraft:bookshelf":3,"minecraft:cobblestone_slab":1,"minecraft:stripped_oak_log":1,"minecraft:white_tulip":4,"minecraft:stone":120,"minecraft:acacia_leaves":5,"minecraft:redstone_block":1,"born_in_chaos_v1:marigolds":5,"minecraft:hanging_roots":1,"minecraft:dandelion":72,"minecraft:cornflower":5,"minecraft:crafting_table":15,"minecraft:rose_bush":1,"minecraft:andesite_slab":1,"minecraft:campfire":1,"minecraft:copper_ore":6,"minecraft:tall_grass":23,"minecraft:coal_ore":1,"minecraft:cocoa":5,"minecraft:gravel":16,"graveyard:leaning_skeleton":1,"minecraft:cobweb":21,"minecraft:mossy_stone_bricks":1,"minecraft:fern":3},"minecraft:crafted":{"minecraft:black_dye":10,"minecraft:oak_planks":172,"minecraft:cooked_chicken":6,"minecraft:lever":1,"sophisticatedbackpacks:crafting_upgrade":1,"minecraft:cooked_mutton":14,"minecraft:chest":2,"minecraft:magenta_dye":1,"sophisticatedbackpacks:backpack":2,"minecraft:cooked_porkchop":22,"minecraft:crafting_table":2,"minecraft:wooden_pickaxe":1,"minecraft:birch_planks":4,"sophisticatedbackpacks:upgrade_base":1,"minecraft:shield":1,"sophisticatedbackpacks:diamond_backpack":1,"minecraft:stick":28,"minecraft:iron_ingot":5,"minecraft:iron_pickaxe":1,"minecraft:stone_sword":2,"minecraft:stone_shovel":1,"minecraft:iron_nugget":45,"minecraft:furnace":1,"sanitydim:garland":14,"born_in_chaos_v1:nightmare_mantleofthe_night_helmet":1,"minecraft:leather":22,"born_in_chaos_v1:fried_maggot":13,"minecraft:stone_pickaxe":1,"minecraft:wheat":198,"sophisticatedbackpacks:iron_backpack":4,"minecraft:cooked_beef":15,"minecraft:iron_sword":1,"minecraft:cooked_salmon":3,"sophisticatedbackpacks:gold_backpack":3,"minecraft:bucket":1,"minecraft:stone_axe":2,"minecraft:air":0,"minecraft:bread":66,"minecraft:white_bed":1,"minecraft:acacia_planks":24,"minecraft:torch":48}},"DataVersion":3120}