{"stats":{"minecraft:custom":{"minecraft:interact_with_crafting_table":82,"minecraft:open_barrel":25,"minecraft:bell_ring":1,"minecraft:leave_game":8,"minecraft:time_since_death":929,"minecraft:sprint_one_cm":876781,"minecraft:damage_blocked_by_shield":2635,"minecraft:drop":213,"minecraft:play_noteblock":2,"minecraft:play_time":456472,"minecraft:deaths":33,"minecraft:jump":7056,"minecraft:walk_on_water_one_cm":47918,"minecraft:interact_with_furnace":67,"minecraft:sleep_in_bed":17,"minecraft:damage_dealt":18388,"minecraft:player_kills":11,"minecraft:crouch_one_cm":48751,"minecraft:horse_one_cm":179622,"minecraft:interact_with_smithing_table":2,"minecraft:interact_with_anvil":7,"minecraft:mob_kills":125,"minecraft:damage_dealt_resisted":2615,"minecraft:climb_one_cm":25457,"minecraft:walk_one_cm":846872,"minecraft:sneak_time":21910,"minecraft:walk_under_water_one_cm":61114,"minecraft:interact_with_blast_furnace":1,"minecraft:total_world_time":456472,"minecraft:tune_noteblock":1,"minecraft:interact_with_stonecutter":1,"minecraft:time_since_rest":959,"minecraft:damage_taken":19625,"minecraft:damage_absorbed":280,"minecraft:trigger_trapped_chest":5,"minecraft:swim_one_cm":58836,"minecraft:fly_one_cm":1262527,"minecraft:open_chest":66,"minecraft:fall_one_cm":260578},"minecraft:killed":{"born_in_chaos_v1:mr_pumpkin":3,"born_in_chaos_v1:sir_the_headless":1,"born_in_chaos_v1:door_knight_not_despawn":1,"minecraft:spider":4,"minecraft:skeleton":14,"minecraft:chicken":12,"minecraft:silverfish":8,"minecraft:skeleton_horse":1,"minecraft:pig":6,"minecraft:iron_golem":1,"minecraft:creeper":2,"kevin_trophy:blister_zombie":1,"minecraft:sheep":12,"minecraft:zombie":7,"born_in_chaos_v1:dread_hound":1,"born_in_chaos_v1:corpse_fly":5,"minecraft:cow":7,"graveyard:nightmare":1,"born_in_chaos_v1:thornshell_crab":1,"born_in_chaos_v1:maggot":10,"minecraft:phantom":2,"born_in_chaos_v1:pumpkinhead":1,"born_in_chaos_v1:corpse_fish":3,"minecraft:husk":1,"born_in_chaos_v1:felsteed":2,"graveyard:ghoul":1,"born_in_chaos_v1:swarmer":1,"minecraft:squid":3,"born_in_chaos_v1:bloody_gadfly":1,"kevin_trophy:crawler_zombie":2,"minecraft:wither_skeleton":2,"born_in_chaos_v1:controlled_baby_skeleton":1,"kevin_trophy:zombie_brute":1},"minecraft:crafted":{"minecraft:black_dye":10,"minecraft:oak_planks":172,"minecraft:cooked_chicken":6,"minecraft:lever":1,"sophisticatedbackpacks:crafting_upgrade":1,"minecraft:cooked_mutton":14,"minecraft:chest":2,"minecraft:magenta_dye":1,"sophisticatedbackpacks:backpack":2,"minecraft:cooked_porkchop":22,"minecraft:crafting_table":2,"minecraft:wooden_pickaxe":1,"minecraft:birch_planks":4,"sophisticatedbackpacks:upgrade_base":1,"minecraft:shield":1,"sophisticatedbackpacks:diamond_backpack":1,"minecraft:stick":28,"minecraft:iron_ingot":5,"minecraft:iron_pickaxe":1,"minecraft:stone_sword":2,"minecraft:stone_shovel":1,"minecraft:iron_nugget":45,"minecraft:furnace":1,"sanitydim:garland":14,"minecraft:leather":22,"born_in_chaos_v1:fried_maggot":13,"minecraft:stone_pickaxe":1,"minecraft:wheat":198,"sophisticatedbackpacks:iron_backpack":3,"minecraft:cooked_beef":15,"minecraft:iron_sword":1,"minecraft:cooked_salmon":3,"sophisticatedbackpacks:gold_backpack":3,"minecraft:bucket":1,"minecraft:stone_axe":2,"minecraft:air":0,"minecraft:bread":66,"minecraft:white_bed":1,"minecraft:acacia_planks":24,"minecraft:torch":48},"minecraft:used":{"minecraft:shield":37,"minecraft:white_terracotta":1,"minecraft:iron_sword":148,"minecraft:iron_chestplate":1,"minecraft:mutton":7,"sanitydim:garland":5,"moguns:glock17":89,"born_in_chaos_v1:soul_cutlass":76,"born_in_chaos_v1:corpse_maggot":3,"butchercraft:pork_tenderloin":1,"born_in_chaos_v1:fel_lamp":32,"minecraft:furnace":1,"cgm:heavy_rifle":1,"minecraft:stone_pickaxe":126,"minecraft:oak_planks":89,"minecraft:wooden_pickaxe":47,"minecraft:diamond_axe":1,"moguns:m1911":4,"minecraft:golden_apple":9,"minecraft:melon_slice":18,"minecraft:bread":38,"moguns:g36c":297,"minecraft:diamond_sword":60,"minecraft:bone_meal":1,"minecraft:rose_bush":1,"minecraft:stone_sword":198,"minecraft:stone_shovel":130,"minecraft:cooked_salmon":4,"born_in_chaos_v1:fried_maggot":12,"minecraft:cooked_chicken":4,"simpletomb:grave_key":92,"minecraft:orange_bed":11,"minecraft:torch":53,"minecraft:dirt":407,"cgm:workbench":1,"slenderman:slender_planks":1,"minecraft:smooth_quartz":1,"minecraft:beef":3,"minecraft:cooked_beef":4,"minecraft:cobbled_deepslate":1,"minecraft:cooked_mutton":15,"minecraft:water_bucket":41,"minecraft:lead":2,"minecraft:crafting_table":14,"minecraft:white_bed":4,"minecraft:oak_log":5,"minecraft:diamond_pickaxe":12,"minecraft:iron_pickaxe":53,"born_in_chaos_v1:staffofthe_summoner":2,"minecraft:stone_axe":164,"minecraft:cobblestone":87,"minecraft:porkchop":1,"minecraft:cooked_porkchop":14,"minecraft:bucket":42,"minecraft:pumpkin_pie":8,"minecraft:stripped_oak_log":1},"minecraft:mined":{"minecraft:stone_pressure_plate":8,"minecraft:white_bed":2,"minecraft:jungle_leaves":20,"minecraft:acacia_log":6,"minecraft:grass_block":66,"minecraft:infested_cobblestone":1,"minecraft:oxeye_daisy":14,"minecraft:spawner":2,"minecraft:weeping_vines_plant":3,"minecraft:tall_seagrass":1,"minecraft:mossy_cobblestone_slab":1,"minecraft:iron_ore":6,"minecraft:fire":2,"minecraft:pumpkin":16,"minecraft:azure_bluet":9,"minecraft:red_tulip":6,"minecraft:polished_deepslate_slab":4,"minecraft:dirt_path":1,"minecraft:black_candle":1,"minecraft:pink_tulip":5,"minecraft:spruce_slab":1,"minecraft:tripwire":3,"minecraft:orange_bed":12,"minecraft:soul_lantern":1,"minecraft:torch":7,"minecraft:note_block":2,"minecraft:poppy":16,"minecraft:melon":3,"minecraft:chest":1,"minecraft:cobblestone":4,"minecraft:white_candle":1,"minecraft:sugar_cane":20,"minecraft:oak_planks":12,"minecraft:wall_torch":11,"graveyard:gravestone":1,"minecraft:skeleton_skull":1,"minecraft:birch_log":1,"born_in_chaos_v1:river_mint":2,"minecraft:orange_tulip":2,"minecraft:grass":123,"minecraft:oak_log":47,"minecraft:sand":13,"minecraft:dirt":79,"minecraft:sandstone_wall":1,"minecraft:dispenser":1,"born_in_chaos_v1:infernal_evil_pumpkin_s":2,"slenderman:slender_planks":1,"minecraft:oak_leaves":16,"minecraft:mossy_cobblestone":2,"minecraft:cobbled_deepslate_slab":4,"minecraft:allium":14,"minecraft:spruce_fence":3,"born_in_chaos_v1:fel_soil":41,"minecraft:weeping_vines":1,"minecraft:polished_andesite_slab":1,"minecraft:large_fern":1,"minecraft:hay_block":3,"farmersdelight:wild_onions":5,"minecraft:bookshelf":3,"minecraft:cobblestone_slab":1,"minecraft:stripped_oak_log":1,"minecraft:stone":120,"minecraft:white_tulip":4,"minecraft:acacia_leaves":5,"minecraft:redstone_block":1,"born_in_chaos_v1:marigolds":5,"minecraft:hanging_roots":1,"minecraft:dandelion":63,"minecraft:crafting_table":15,"minecraft:cornflower":4,"minecraft:rose_bush":1,"minecraft:andesite_slab":1,"minecraft:campfire":1,"minecraft:tall_grass":22,"minecraft:copper_ore":6,"minecraft:coal_ore":1,"minecraft:cocoa":5,"minecraft:gravel":16,"graveyard:leaning_skeleton":1,"minecraft:cobweb":21,"minecraft:fern":3},"minecraft:dropped":{"sophisticatedbackpacks:iron_backpack":2,"minecraft:iron_sword":1,"minecraft:cooked_beef":11,"minecraft:diamond":16,"minecraft:cooked_porkchop":3,"minecraft:leather":3,"born_in_chaos_v1:pieceofdarkmetal":1,"graveyard:corruption":1,"minecraft:red_carpet":1,"born_in_chaos_v1:monster_flesh":1,"minecraft:dirt":515,"minecraft:gray_concrete":2,"minecraft:dispenser":1,"minecraft:stone_button":1,"minecraft:cornflower":1,"born_in_chaos_v1:fel_lamp":1,"minecraft:iron_pickaxe":1,"minecraft:fermented_spider_eye":2,"minecraft:gold_ingot":5,"minecraft:bone":22,"minecraft:white_tulip":1,"minecraft:stone_axe":1,"minecraft:lever":2,"minecraft:cooked_chicken":2,"minecraft:cobbled_deepslate":19,"minecraft:andesite_slab":2,"minecraft:beetroot":2,"minecraft:rotten_flesh":27,"minecraft:oak_planks":24,"minecraft:azure_bluet":4,"minecraft:carrot":5,"minecraft:sandstone_wall":1,"minecraft:poppy":10,"minecraft:gunpowder":4,"minecraft:charcoal":2,"cgm:long_scope":1,"knight_quest:kq_great_essence":1,"farmersdelight:rope":1,"minecraft:arrow":2,"cgm:heavy_rifle":1,"minecraft:stone_brick_stairs":1,"minecraft:quartz":1,"moguns:awp":1,"minecraft:enchanted_book":2,"minecraft:iron_ingot":223,"minecraft:bread":16,"moguns:45acp":28,"minecraft:black_dye":1,"minecraft:wheat_seeds":5,"simpletomb:grave_key":3,"minecraft:poisonous_potato":1,"minecraft:feather":20,"minecraft:cobblestone":3,"born_in_chaos_v1:orbofthe_summoner":1,"minecraft:copper_ingot":4,"born_in_chaos_v1:soul_cutlass":1,"minecraft:coal":7,"minecraft:golden_apple":1,"moguns:m1911":1,"minecraft:mossy_cobblestone_slab":1,"born_in_chaos_v1:river_mint":1,"minecraft:diorite":2,"minecraft:torch":8,"born_in_chaos_v1:staffofthe_summoner":1,"minecraft:rose_bush":2,"minecraft:iron_leggings":3,"minecraft:orange_bed":1,"minecraft:string":6,"minecraft:acacia_planks":6,"minecraft:dandelion":4,"minecraft:anvil":1,"minecraft:stone_sword":3,"minecraft:cocoa_beans":8,"born_in_chaos_v1:rotten_fish":3,"minecraft:polished_deepslate_slab":4,"minecraft:iron_boots":1,"minecraft:slime_block":1,"minecraft:cobbled_deepslate_slab":8,"minecraft:cobblestone_slab":1,"minecraft:allium":1,"sanitydim:garland":7,"minecraft:wooden_shovel":2,"minecraft:stone_pressure_plate":10,"minecraft:spider_eye":3,"minecraft:sandstone":2,"minecraft:bow":1,"minecraft:wooden_pickaxe":1,"minecraft:black_wool":1},"minecraft:picked_up":{"minecraft:iron_chestplate":1,"minecraft:redstone_block":1,"minecraft:lead":1,"minecraft:stone_brick_stairs":1,"moguns:g36c":1,"born_in_chaos_v1:holiday_candy":28,"minecraft:string":32,"minecraft:raw_copper":25,"minecraft:cooked_salmon":1,"cgm:long_scope":1,"minecraft:iron_leggings":4,"minecraft:beetroot":2,"minecraft:cobbled_deepslate":20,"cgm:short_scope":1,"minecraft:white_tulip":4,"minecraft:rose_bush":3,"minecraft:cobblestone_slab":1,"minecraft:wooden_shovel":2,"minecraft:smooth_quartz":1,"minecraft:iron_pickaxe":1,"minecraft:melon_slice":18,"minecraft:iron_boots":3,"minecraft:torch":29,"minecraft:acacia_log":6,"minecraft:sandstone_wall":1,"born_in_chaos_v1:pileof_dark_metal":1,"minecraft:porkchop":13,"born_in_chaos_v1:fel_soil":141,"minecraft:diorite":2,"minecraft:orange_bed":12,"minecraft:stone_sword":3,"minecraft:rotten_flesh":28,"farmersdelight:onion":4,"minecraft:red_tulip":7,"slenderman:slender_apple":1,"minecraft:white_terracotta":1,"butchercraft:pork_tenderloin":1,"minecraft:cobblestone":134,"minecraft:birch_log":1,"minecraft:mossy_cobblestone_slab":1,"minecraft:feather":18,"minecraft:cooked_beef":6,"minecraft:potato":3,"minecraft:tuff":1,"cgm:heavy_rifle":1,"minecraft:gray_concrete":2,"minecraft:dirt":144,"born_in_chaos_v1:staffofthe_summoner":1,"minecraft:name_tag":1,"born_in_chaos_v1:monster_skin":13,"born_in_chaos_v1:marigolds":4,"minecraft:bone":37,"minecraft:bow":1,"minecraft:wheat_seeds":18,"minecraft:orange_tulip":2,"minecraft:cobbled_deepslate_slab":12,"moguns:awp":1,"minecraft:oak_planks":16,"minecraft:cooked_porkchop":6,"cgm:rifle":1,"minecraft:poisonous_potato":1,"minecraft:sand":13,"sophisticatedbackpacks:iron_backpack":1,"minecraft:ink_sac":6,"minecraft:fermented_spider_eye":2,"slenderman:slender_planks":1,"minecraft:mossy_cobblestone":2,"moguns:m1911":1,"minecraft:white_candle":4,"minecraft:dispenser":1,"minecraft:soul_lantern":1,"minecraft:lever":2,"minecraft:bone_meal":3,"minecraft:golden_apple":2,"minecraft:spruce_sign":1,"minecraft:oak_sapling":1,"born_in_chaos_v1:rotten_fish":5,"minecraft:andesite_slab":2,"minecraft:cocoa_beans":22,"minecraft:charcoal":2,"minecraft:crafting_table":15,"minecraft:allium":23,"minecraft:azure_bluet":11,"minecraft:chicken":12,"born_in_chaos_v1:river_mint":2,"moguns:45acp":32,"minecraft:wooden_pickaxe":1,"minecraft:shield":1,"minecraft:cornflower":4,"graveyard:corruption":4,"moguns:556x45":60,"graveyard:gravestone":1,"minecraft:beef":23,"minecraft:poppy":29,"farmersdelight:canvas_rug":1,"minecraft:sugar_cane":55,"minecraft:chest":1,"minecraft:egg":5,"minecraft:sandstone":4,"minecraft:raw_iron":6,"minecraft:polished_deepslate_slab":4,"minecraft:stone":10,"minecraft:spruce_fence":3,"minecraft:note_block":2,"minecraft:stone_button":1,"born_in_chaos_v1:pieceofdarkmetal":1,"minecraft:carrot":5,"minecraft:stone_pressure_plate":10,"minecraft:arrow":16,"minecraft:hay_block":3,"minecraft:pink_tulip":5,"born_in_chaos_v1:spiny_shell":2,"minecraft:gold_ingot":13,"minecraft:mutton":19,"minecraft:skeleton_skull":1,"minecraft:white_wool":10,"minecraft:oxeye_daisy":12,"knight_quest:kq_diamon_repair":1,"minecraft:stripped_oak_log":1,"born_in_chaos_v1:corpse_maggot":16,"born_in_chaos_v1:monster_flesh":1,"born_in_chaos_v1:pumpkin_staff":1,"minecraft:leather":14,"minecraft:oak_log":48,"minecraft:gunpowder":8,"simpletomb:grave_key":3,"sanitydim:garland":2,"moguns:glock17":1,"minecraft:cooked_mutton":1,"minecraft:red_carpet":1,"born_in_chaos_v1:soul_cutlass":2,"minecraft:iron_ingot":12,"minecraft:stone_pickaxe":1,"born_in_chaos_v1:fel_lamp":2,"minecraft:polished_andesite_slab":4,"minecraft:iron_sword":1,"minecraft:soul_sand":1,"minecraft:book":12,"moguns:762x51":180,"minecraft:black_candle":2,"minecraft:pumpkin":40,"born_in_chaos_v1:orbofthe_summoner":1,"minecraft:quartz":2,"minecraft:dandelion":60,"minecraft:gravel":15,"minecraft:white_bed":3,"minecraft:spider_eye":3,"minecraft:stone_axe":1,"minecraft:iron_helmet":1,"knight_quest:kq_great_essence":4,"minecraft:gray_wool":1,"minecraft:black_wool":2,"minecraft:coal":22},"minecraft:broken":{"sanitydim:garland":12,"minecraft:stone_pickaxe":1,"minecraft:stone_axe":1,"minecraft:stone_shovel":1,"minecraft:stone_sword":1,"minecraft:wooden_pickaxe":1,"minecraft:leather_boots":1},"minecraft:killed_by":{"born_in_chaos_v1:nightmare_stalker":2,"born_in_chaos_v1:mr_pumpkin":1,"minecraft:creeper":1,"born_in_chaos_v1:bone_imp_minion":1,"sanitydim:sneaking_terror":2,"minecraft:silverfish":3,"the_one_who_watches:toww_running":2,"minecraft:zombie":1,"slenderman:slenderman":1,"minecraft:husk":2,"minecraft:player":5,"minecraft:enderman":1,"born_in_chaos_v1:decrepit_skeleton":1,"minecraft:skeleton":4}},"DataVersion":3120}