{"stats":{"minecraft:picked_up":{"minecraft:iron_chestplate":1,"minecraft:redstone_block":1,"minecraft:lead":1,"minecraft:stone_brick_stairs":1,"moguns:g36c":1,"minecraft:string":31,"minecraft:raw_copper":24,"minecraft:cooked_salmon":1,"cgm:long_scope":1,"minecraft:iron_leggings":4,"minecraft:beetroot":1,"minecraft:cobbled_deepslate":20,"cgm:short_scope":1,"minecraft:white_tulip":4,"minecraft:rose_bush":3,"minecraft:wooden_shovel":2,"minecraft:iron_pickaxe":1,"minecraft:smooth_quartz":1,"minecraft:melon_slice":18,"minecraft:iron_boots":3,"minecraft:torch":27,"minecraft:acacia_log":6,"born_in_chaos_v1:pileof_dark_metal":1,"minecraft:sandstone_wall":1,"minecraft:porkchop":13,"born_in_chaos_v1:fel_soil":141,"minecraft:diorite":2,"minecraft:orange_bed":12,"minecraft:stone_sword":3,"minecraft:rotten_flesh":18,"farmersdelight:onion":4,"minecraft:red_tulip":7,"slenderman:slender_apple":1,"minecraft:white_terracotta":1,"minecraft:cobblestone":123,"minecraft:birch_log":1,"minecraft:feather":18,"minecraft:potato":3,"minecraft:tuff":1,"minecraft:gray_concrete":2,"minecraft:dirt":142,"born_in_chaos_v1:staffofthe_summoner":1,"minecraft:name_tag":1,"born_in_chaos_v1:monster_skin":13,"born_in_chaos_v1:marigolds":4,"minecraft:bone":37,"minecraft:bow":1,"minecraft:orange_tulip":2,"minecraft:wheat_seeds":14,"moguns:awp":1,"minecraft:oak_planks":16,"minecraft:cooked_porkchop":5,"minecraft:sand":13,"sophisticatedbackpacks:iron_backpack":1,"minecraft:ink_sac":6,"minecraft:fermented_spider_eye":1,"slenderman:slender_planks":1,"moguns:m1911":1,"minecraft:mossy_cobblestone":2,"minecraft:white_candle":4,"minecraft:dispenser":1,"minecraft:soul_lantern":1,"minecraft:lever":2,"minecraft:golden_apple":1,"minecraft:bone_meal":3,"minecraft:spruce_sign":1,"born_in_chaos_v1:rotten_fish":3,"minecraft:andesite_slab":1,"minecraft:cocoa_beans":22,"minecraft:charcoal":2,"minecraft:crafting_table":15,"minecraft:allium":21,"minecraft:azure_bluet":11,"minecraft:chicken":10,"born_in_chaos_v1:river_mint":2,"moguns:45acp":32,"minecraft:wooden_pickaxe":1,"minecraft:shield":1,"minecraft:cornflower":4,"moguns:556x45":60,"graveyard:gravestone":1,"minecraft:beef":23,"minecraft:poppy":29,"minecraft:sugar_cane":55,"minecraft:chest":1,"minecraft:egg":4,"minecraft:sandstone":4,"minecraft:raw_iron":6,"minecraft:stone":10,"minecraft:spruce_fence":3,"minecraft:note_block":2,"minecraft:stone_button":1,"born_in_chaos_v1:pieceofdarkmetal":1,"minecraft:carrot":5,"minecraft:stone_pressure_plate":10,"minecraft:arrow":16,"minecraft:hay_block":3,"minecraft:pink_tulip":5,"minecraft:gold_ingot":13,"minecraft:mutton":19,"minecraft:white_wool":10,"minecraft:skeleton_skull":1,"minecraft:oxeye_daisy":12,"minecraft:stripped_oak_log":1,"born_in_chaos_v1:corpse_maggot":13,"born_in_chaos_v1:monster_flesh":1,"minecraft:leather":14,"minecraft:oak_log":48,"minecraft:gunpowder":7,"simpletomb:grave_key":3,"sanitydim:garland":2,"moguns:glock17":1,"minecraft:cooked_mutton":1,"minecraft:red_carpet":1,"born_in_chaos_v1:soul_cutlass":1,"minecraft:iron_ingot":12,"minecraft:stone_pickaxe":1,"born_in_chaos_v1:fel_lamp":1,"minecraft:polished_andesite_slab":2,"minecraft:soul_sand":1,"minecraft:iron_sword":1,"minecraft:book":12,"moguns:762x51":180,"minecraft:black_candle":2,"minecraft:pumpkin":15,"born_in_chaos_v1:orbofthe_summoner":1,"minecraft:quartz":2,"minecraft:dandelion":60,"minecraft:gravel":15,"minecraft:white_bed":3,"minecraft:spider_eye":3,"minecraft:stone_axe":1,"minecraft:iron_helmet":1,"knight_quest:kq_great_essence":4,"minecraft:gray_wool":1,"minecraft:black_wool":2,"minecraft:coal":22},"minecraft:crafted":{"minecraft:black_dye":10,"minecraft:oak_planks":172,"minecraft:cooked_chicken":6,"minecraft:lever":1,"sophisticatedbackpacks:crafting_upgrade":1,"minecraft:cooked_mutton":14,"minecraft:chest":2,"minecraft:magenta_dye":1,"sophisticatedbackpacks:backpack":2,"minecraft:cooked_porkchop":22,"minecraft:crafting_table":2,"minecraft:wooden_pickaxe":1,"minecraft:birch_planks":4,"sophisticatedbackpacks:upgrade_base":1,"minecraft:shield":1,"sophisticatedbackpacks:diamond_backpack":1,"minecraft:stick":28,"minecraft:iron_ingot":5,"minecraft:iron_pickaxe":1,"minecraft:stone_sword":2,"minecraft:stone_shovel":1,"minecraft:iron_nugget":45,"minecraft:furnace":1,"sanitydim:garland":13,"minecraft:leather":22,"born_in_chaos_v1:fried_maggot":13,"minecraft:stone_pickaxe":1,"minecraft:wheat":198,"sophisticatedbackpacks:iron_backpack":3,"minecraft:cooked_beef":15,"minecraft:iron_sword":1,"minecraft:cooked_salmon":3,"sophisticatedbackpacks:gold_backpack":3,"minecraft:bucket":1,"minecraft:stone_axe":2,"minecraft:bread":66,"minecraft:air":0,"minecraft:white_bed":1,"minecraft:acacia_planks":24,"minecraft:torch":48},"minecraft:dropped":{"sophisticatedbackpacks:iron_backpack":2,"minecraft:iron_sword":1,"minecraft:cooked_beef":5,"minecraft:diamond":16,"minecraft:cooked_porkchop":3,"minecraft:leather":3,"minecraft:red_carpet":1,"born_in_chaos_v1:monster_flesh":1,"minecraft:dirt":476,"minecraft:gray_concrete":2,"minecraft:stone_button":1,"minecraft:dispenser":1,"minecraft:cornflower":1,"minecraft:iron_pickaxe":1,"minecraft:fermented_spider_eye":1,"minecraft:gold_ingot":5,"minecraft:bone":22,"minecraft:white_tulip":1,"minecraft:stone_axe":1,"minecraft:lever":2,"minecraft:cooked_chicken":2,"minecraft:cobbled_deepslate":19,"minecraft:andesite_slab":1,"minecraft:beetroot":1,"minecraft:rotten_flesh":17,"minecraft:oak_planks":24,"minecraft:azure_bluet":4,"minecraft:carrot":5,"minecraft:sandstone_wall":1,"minecraft:poppy":10,"minecraft:gunpowder":4,"minecraft:charcoal":2,"cgm:long_scope":1,"knight_quest:kq_great_essence":1,"farmersdelight:rope":1,"minecraft:arrow":2,"minecraft:quartz":1,"minecraft:stone_brick_stairs":1,"moguns:awp":1,"minecraft:iron_ingot":31,"minecraft:bread":16,"moguns:45acp":28,"minecraft:black_dye":1,"minecraft:wheat_seeds":1,"simpletomb:grave_key":3,"minecraft:feather":20,"minecraft:cobblestone":3,"born_in_chaos_v1:orbofthe_summoner":1,"minecraft:copper_ingot":4,"minecraft:coal":7,"moguns:m1911":1,"born_in_chaos_v1:river_mint":1,"minecraft:diorite":2,"minecraft:torch":8,"born_in_chaos_v1:staffofthe_summoner":1,"minecraft:rose_bush":2,"minecraft:iron_leggings":3,"minecraft:orange_bed":1,"minecraft:string":6,"minecraft:acacia_planks":6,"minecraft:dandelion":4,"minecraft:stone_sword":3,"minecraft:cocoa_beans":8,"born_in_chaos_v1:rotten_fish":1,"minecraft:iron_boots":1,"minecraft:slime_block":1,"minecraft:allium":1,"sanitydim:garland":7,"minecraft:wooden_shovel":2,"minecraft:stone_pressure_plate":10,"minecraft:spider_eye":3,"minecraft:sandstone":2,"minecraft:bow":1,"minecraft:wooden_pickaxe":1,"minecraft:black_wool":1},"minecraft:killed_by":{"born_in_chaos_v1:nightmare_stalker":2,"minecraft:creeper":1,"born_in_chaos_v1:mr_pumpkin":1,"born_in_chaos_v1:bone_imp_minion":1,"sanitydim:sneaking_terror":1,"minecraft:silverfish":3,"slenderman:slenderman":1,"minecraft:husk":2,"minecraft:player":4,"born_in_chaos_v1:decrepit_skeleton":1,"minecraft:skeleton":4},"minecraft:used":{"minecraft:shield":37,"minecraft:white_terracotta":1,"minecraft:iron_sword":141,"minecraft:iron_chestplate":1,"minecraft:mutton":7,"sanitydim:garland":3,"born_in_chaos_v1:soul_cutlass":75,"born_in_chaos_v1:fel_lamp":20,"minecraft:furnace":1,"minecraft:stone_pickaxe":126,"minecraft:oak_planks":89,"minecraft:wooden_pickaxe":47,"moguns:m1911":4,"minecraft:golden_apple":6,"minecraft:melon_slice":18,"minecraft:bread":31,"moguns:g36c":9,"minecraft:bone_meal":1,"minecraft:rose_bush":1,"minecraft:stone_sword":198,"minecraft:stone_shovel":130,"born_in_chaos_v1:fried_maggot":6,"minecraft:cooked_salmon":4,"minecraft:cooked_chicken":4,"simpletomb:grave_key":72,"minecraft:orange_bed":11,"minecraft:torch":51,"minecraft:dirt":287,"cgm:workbench":1,"slenderman:slender_planks":1,"minecraft:smooth_quartz":1,"minecraft:beef":3,"minecraft:cooked_beef":2,"minecraft:cobbled_deepslate":1,"minecraft:cooked_mutton":15,"minecraft:water_bucket":40,"minecraft:lead":2,"minecraft:crafting_table":14,"minecraft:white_bed":4,"minecraft:oak_log":5,"minecraft:iron_pickaxe":41,"born_in_chaos_v1:staffofthe_summoner":2,"minecraft:stone_axe":164,"minecraft:cobblestone":87,"minecraft:cooked_porkchop":7,"minecraft:porkchop":1,"minecraft:bucket":41,"minecraft:pumpkin_pie":7,"minecraft:stripped_oak_log":1},"minecraft:broken":{"sanitydim:garland":7,"minecraft:stone_pickaxe":1,"minecraft:stone_axe":1,"minecraft:stone_shovel":1,"minecraft:stone_sword":1,"minecraft:wooden_pickaxe":1},"minecraft:killed":{"born_in_chaos_v1:door_knight_not_despawn":1,"minecraft:spider":3,"minecraft:skeleton":14,"minecraft:chicken":10,"minecraft:silverfish":8,"minecraft:skeleton_horse":1,"minecraft:pig":6,"minecraft:iron_golem":1,"minecraft:creeper":1,"minecraft:sheep":12,"minecraft:zombie":3,"born_in_chaos_v1:dread_hound":1,"born_in_chaos_v1:corpse_fly":5,"minecraft:cow":6,"born_in_chaos_v1:maggot":6,"born_in_chaos_v1:corpse_fish":2,"minecraft:husk":1,"born_in_chaos_v1:felsteed":1,"graveyard:ghoul":1,"born_in_chaos_v1:swarmer":1,"minecraft:squid":3,"born_in_chaos_v1:bloody_gadfly":1,"kevin_trophy:crawler_zombie":2,"minecraft:wither_skeleton":2,"born_in_chaos_v1:controlled_baby_skeleton":1},"minecraft:custom":{"minecraft:interact_with_crafting_table":80,"minecraft:open_barrel":25,"minecraft:bell_ring":1,"minecraft:leave_game":6,"minecraft:time_since_death":41005,"minecraft:sprint_one_cm":691102,"minecraft:damage_blocked_by_shield":2635,"minecraft:drop":179,"minecraft:play_noteblock":2,"minecraft:play_time":355410,"minecraft:deaths":25,"minecraft:jump":5372,"minecraft:walk_on_water_one_cm":44158,"minecraft:interact_with_furnace":65,"minecraft:sleep_in_bed":17,"minecraft:damage_dealt":15223,"minecraft:player_kills":8,"minecraft:crouch_one_cm":43227,"minecraft:horse_one_cm":176619,"minecraft:interact_with_smithing_table":2,"minecraft:mob_kills":100,"minecraft:interact_with_anvil":2,"minecraft:damage_dealt_resisted":1965,"minecraft:climb_one_cm":19311,"minecraft:walk_one_cm":653808,"minecraft:sneak_time":19812,"minecraft:walk_under_water_one_cm":60026,"minecraft:total_world_time":355410,"minecraft:tune_noteblock":1,"minecraft:interact_with_stonecutter":1,"minecraft:time_since_rest":25035,"minecraft:damage_taken":15384,"minecraft:damage_absorbed":160,"minecraft:trigger_trapped_chest":2,"minecraft:swim_one_cm":53453,"minecraft:fly_one_cm":802969,"minecraft:open_chest":62,"minecraft:fall_one_cm":194935},"minecraft:mined":{"minecraft:stone_pressure_plate":8,"minecraft:white_bed":2,"minecraft:jungle_leaves":20,"minecraft:acacia_log":6,"minecraft:grass_block":66,"minecraft:infested_cobblestone":1,"minecraft:oxeye_daisy":14,"minecraft:spawner":2,"minecraft:weeping_vines_plant":3,"minecraft:tall_seagrass":1,"minecraft:iron_ore":6,"minecraft:fire":2,"minecraft:pumpkin":16,"minecraft:azure_bluet":9,"minecraft:red_tulip":6,"minecraft:dirt_path":1,"minecraft:black_candle":1,"minecraft:pink_tulip":5,"minecraft:spruce_slab":1,"minecraft:tripwire":3,"minecraft:orange_bed":12,"minecraft:soul_lantern":1,"minecraft:torch":7,"minecraft:note_block":2,"minecraft:poppy":16,"minecraft:melon":3,"minecraft:chest":1,"minecraft:cobblestone":4,"minecraft:white_candle":1,"minecraft:sugar_cane":20,"minecraft:oak_planks":12,"minecraft:wall_torch":10,"graveyard:gravestone":1,"minecraft:skeleton_skull":1,"minecraft:birch_log":1,"born_in_chaos_v1:river_mint":2,"minecraft:orange_tulip":2,"minecraft:grass":112,"minecraft:oak_log":47,"minecraft:sand":13,"minecraft:dirt":75,"minecraft:sandstone_wall":1,"minecraft:dispenser":1,"born_in_chaos_v1:infernal_evil_pumpkin_s":1,"slenderman:slender_planks":1,"minecraft:oak_leaves":16,"minecraft:mossy_cobblestone":2,"minecraft:allium":12,"minecraft:spruce_fence":3,"born_in_chaos_v1:fel_soil":41,"minecraft:weeping_vines":1,"minecraft:large_fern":1,"minecraft:hay_block":3,"farmersdelight:wild_onions":5,"minecraft:bookshelf":3,"minecraft:stripped_oak_log":1,"minecraft:stone":109,"minecraft:white_tulip":4,"minecraft:redstone_block":1,"born_in_chaos_v1:marigolds":5,"minecraft:hanging_roots":1,"minecraft:dandelion":63,"minecraft:crafting_table":15,"minecraft:cornflower":4,"minecraft:rose_bush":1,"minecraft:campfire":1,"minecraft:tall_grass":22,"minecraft:copper_ore":6,"minecraft:coal_ore":1,"minecraft:cocoa":5,"minecraft:gravel":16,"graveyard:leaning_skeleton":1,"minecraft:cobweb":21,"minecraft:fern":3}},"DataVersion":3120}