{"stats":{"minecraft:mined":{"minecraft:white_bed":1,"minecraft:dandelion":192,"minecraft:crafting_table":1,"minecraft:cornflower":107,"minecraft:torch":1,"minecraft:grass_block":24,"minecraft:cobblestone":11,"minecraft:tall_grass":13,"minecraft:wall_torch":6,"minecraft:furnace":1,"minecraft:birch_log":7,"minecraft:spruce_log":2,"minecraft:grass":152,"minecraft:oak_log":5,"minecraft:dirt":76,"minecraft:stone":53,"minecraft:oak_leaves":2},"minecraft:crafted":{"minecraft:oak_planks":68,"minecraft:crafting_table":1,"minecraft:spruce_planks":8,"minecraft:furnace":1,"minecraft:yellow_bed":1,"sanitydim:garland":13,"minecraft:birch_planks":28,"minecraft:stone_axe":1,"minecraft:cooked_mutton":6,"minecraft:air":0,"minecraft:yellow_dye":1,"minecraft:stick":16,"minecraft:stone_pickaxe":1,"minecraft:stone_sword":1,"minecraft:white_bed":1,"minecraft:cooked_rabbit":4},"minecraft:dropped":{"minecraft:cooked_mutton":2,"sanitydim:garland":7,"minecraft:cooked_rabbit":1},"minecraft:used":{"minecraft:cooked_mutton":6,"minecraft:stone_sword":144,"minecraft:stone_pickaxe":26,"minecraft:wooden_pickaxe":45,"simpletomb:grave_key":7,"minecraft:torch":7,"minecraft:dirt":80,"minecraft:crafting_table":3,"minecraft:white_bed":1,"minecraft:stone_axe":9,"minecraft:cobblestone":27,"minecraft:furnace":2,"minecraft:cooked_rabbit":3,"minecraft:yellow_bed":1},"minecraft:picked_up":{"minecraft:birch_log":7,"minecraft:crafting_table":2,"minecraft:wooden_pickaxe":1,"minecraft:oak_log":5,"minecraft:cornflower":103,"minecraft:dirt":97,"minecraft:netherite_scrap":1,"minecraft:cooked_mutton":2,"minecraft:bone":5,"minecraft:oak_sign":1,"minecraft:wheat_seeds":22,"minecraft:rabbit_hide":9,"minecraft:rabbit":6,"minecraft:glass_bottle":1,"minecraft:furnace":1,"minecraft:stick":2,"minecraft:torch":9,"minecraft:dandelion":180,"minecraft:white_bed":1,"minecraft:spruce_log":2,"minecraft:rabbit_foot":1,"minecraft:arrow":2,"minecraft:rotten_flesh":2,"minecraft:oak_sapling":4,"minecraft:black_wool":1,"minecraft:mutton":6,"minecraft:white_wool":3,"minecraft:cobblestone":68},"minecraft:killed_by":{"kevin_trophy:zombie_brute":6,"minecraft:zombie":1},"minecraft:broken":{"minecraft:wooden_pickaxe":1},"minecraft:killed":{"minecraft:rabbit":10,"born_in_chaos_v1:decrepit_skeleton":1,"minecraft:sheep":3,"minecraft:donkey":1,"minecraft:zombie":2,"kevin_trophy:zombie_brute":1},"minecraft:custom":{"minecraft:interact_with_furnace":29,"minecraft:mob_kills":19,"minecraft:interact_with_crafting_table":20,"minecraft:leave_game":2,"minecraft:time_since_death":2049,"minecraft:sleep_in_bed":1,"minecraft:time_since_rest":2081,"minecraft:sprint_one_cm":139814,"minecraft:damage_taken":2038,"minecraft:walk_one_cm":171885,"minecraft:drop":10,"minecraft:damage_dealt":2439,"minecraft:fly_one_cm":224288,"minecraft:crouch_one_cm":2958,"minecraft:play_time":65120,"minecraft:deaths":7,"minecraft:sneak_time":1980,"minecraft:jump":1345,"minecraft:total_world_time":65120,"minecraft:fall_one_cm":31684}},"DataVersion":3120}