{"stats":{"minecraft:mined":{"minecraft:stone_pressure_plate":8,"minecraft:white_bed":2,"minecraft:mossy_cobblestone":2,"minecraft:jungle_leaves":19,"minecraft:allium":12,"minecraft:spruce_fence":3,"minecraft:grass_block":30,"minecraft:infested_cobblestone":1,"born_in_chaos_v1:fel_soil":41,"minecraft:weeping_vines":1,"minecraft:oxeye_daisy":11,"minecraft:spawner":1,"minecraft:hay_block":3,"minecraft:large_fern":1,"farmersdelight:wild_onions":5,"minecraft:tall_seagrass":1,"minecraft:weeping_vines_plant":3,"minecraft:iron_ore":6,"minecraft:fire":2,"minecraft:pumpkin":16,"minecraft:azure_bluet":8,"minecraft:bookshelf":3,"minecraft:red_tulip":6,"minecraft:black_candle":1,"minecraft:stripped_oak_log":1,"minecraft:pink_tulip":5,"minecraft:white_tulip":4,"minecraft:stone":77,"minecraft:orange_bed":7,"minecraft:spruce_slab":1,"minecraft:tripwire":3,"minecraft:redstone_block":1,"born_in_chaos_v1:marigolds":5,"minecraft:hanging_roots":1,"minecraft:soul_lantern":1,"minecraft:dandelion":54,"minecraft:crafting_table":10,"minecraft:cornflower":3,"minecraft:torch":7,"minecraft:note_block":2,"minecraft:poppy":15,"minecraft:melon":3,"minecraft:chest":1,"minecraft:rose_bush":1,"minecraft:campfire":1,"minecraft:copper_ore":6,"minecraft:tall_grass":22,"minecraft:cobblestone":4,"minecraft:white_candle":1,"minecraft:oak_planks":12,"minecraft:sugar_cane":20,"graveyard:gravestone":1,"minecraft:wall_torch":6,"minecraft:skeleton_skull":1,"minecraft:birch_log":1,"born_in_chaos_v1:river_mint":1,"minecraft:orange_tulip":2,"minecraft:grass":94,"minecraft:coal_ore":1,"minecraft:oak_log":47,"minecraft:cocoa":5,"minecraft:gravel":16,"graveyard:leaning_skeleton":1,"minecraft:dirt":17,"minecraft:sand":13,"minecraft:sandstone_wall":1,"minecraft:cobweb":21,"minecraft:dispenser":1,"born_in_chaos_v1:infernal_evil_pumpkin_s":1,"minecraft:oak_leaves":16,"minecraft:fern":1},"minecraft:killed_by":{"minecraft:player":2,"born_in_chaos_v1:mr_pumpkin":1,"minecraft:creeper":1,"born_in_chaos_v1:bone_imp_minion":1,"sanitydim:sneaking_terror":1,"born_in_chaos_v1:decrepit_skeleton":1,"minecraft:silverfish":3,"minecraft:skeleton":4},"minecraft:used":{"minecraft:stone_sword":198,"minecraft:rose_bush":1,"minecraft:stone_shovel":63,"minecraft:shield":32,"minecraft:white_terracotta":1,"minecraft:iron_sword":76,"cgm:workbench":1,"minecraft:orange_bed":5,"minecraft:cooked_salmon":4,"minecraft:cooked_chicken":4,"simpletomb:grave_key":62,"minecraft:iron_chestplate":1,"minecraft:torch":40,"minecraft:dirt":163,"sanitydim:garland":1,"minecraft:mutton":7,"born_in_chaos_v1:soul_cutlass":21,"minecraft:smooth_quartz":1,"minecraft:beef":3,"born_in_chaos_v1:fel_lamp":9,"minecraft:furnace":1,"minecraft:cooked_beef":1,"minecraft:cobbled_deepslate":1,"minecraft:cooked_mutton":5,"minecraft:oak_planks":89,"minecraft:stone_pickaxe":126,"minecraft:wooden_pickaxe":47,"moguns:m1911":4,"minecraft:crafting_table":9,"minecraft:white_bed":4,"minecraft:oak_log":5,"minecraft:bread":18,"minecraft:melon_slice":14,"minecraft:iron_pickaxe":7,"born_in_chaos_v1:staffofthe_summoner":2,"moguns:g36c":5,"minecraft:stone_axe":149,"minecraft:cobblestone":87,"minecraft:porkchop":1,"minecraft:cooked_porkchop":7,"minecraft:stripped_oak_log":1,"minecraft:bone_meal":1},"minecraft:custom":{"minecraft:interact_with_smithing_table":2,"minecraft:interact_with_anvil":2,"minecraft:mob_kills":67,"minecraft:interact_with_crafting_table":51,"minecraft:open_barrel":11,"minecraft:bell_ring":1,"minecraft:damage_dealt_resisted":1768,"minecraft:leave_game":4,"minecraft:time_since_death":47998,"minecraft:climb_one_cm":12856,"minecraft:sprint_one_cm":564215,"minecraft:walk_one_cm":468308,"minecraft:damage_blocked_by_shield":2395,"minecraft:drop":106,"minecraft:play_noteblock":2,"minecraft:play_time":248746,"minecraft:deaths":17,"minecraft:sneak_time":12810,"minecraft:walk_under_water_one_cm":45017,"minecraft:jump":4066,"minecraft:walk_on_water_one_cm":33283,"minecraft:total_world_time":248746,"minecraft:interact_with_furnace":49,"minecraft:tune_noteblock":1,"minecraft:sleep_in_bed":12,"minecraft:time_since_rest":15277,"minecraft:damage_taken":8790,"minecraft:trigger_trapped_chest":2,"minecraft:damage_dealt":10482,"minecraft:player_kills":8,"minecraft:swim_one_cm":43892,"minecraft:fly_one_cm":624023,"minecraft:open_chest":48,"minecraft:crouch_one_cm":26523,"minecraft:fall_one_cm":116884,"minecraft:horse_one_cm":169835},"minecraft:dropped":{"minecraft:bread":16,"minecraft:iron_ingot":12,"minecraft:iron_sword":1,"minecraft:cooked_porkchop":3,"simpletomb:grave_key":2,"minecraft:cobblestone":3,"minecraft:feather":16,"born_in_chaos_v1:orbofthe_summoner":1,"minecraft:leather":3,"minecraft:copper_ingot":4,"minecraft:coal":6,"minecraft:red_carpet":1,"minecraft:gray_concrete":2,"minecraft:dirt":396,"minecraft:dispenser":1,"minecraft:stone_button":1,"minecraft:diorite":2,"minecraft:torch":8,"minecraft:cornflower":1,"born_in_chaos_v1:staffofthe_summoner":1,"minecraft:iron_leggings":3,"minecraft:orange_bed":1,"minecraft:string":6,"minecraft:bone":22,"minecraft:dandelion":4,"minecraft:gold_ingot":5,"minecraft:stone_axe":1,"minecraft:lever":2,"minecraft:cooked_chicken":2,"minecraft:stone_sword":3,"minecraft:cobbled_deepslate":19,"minecraft:cocoa_beans":8,"minecraft:slime_block":1,"minecraft:rotten_flesh":7,"minecraft:oak_planks":24,"minecraft:iron_boots":1,"minecraft:azure_bluet":4,"minecraft:sandstone_wall":1,"minecraft:poppy":10,"minecraft:gunpowder":4,"minecraft:allium":1,"minecraft:charcoal":2,"sanitydim:garland":5,"knight_quest:kq_great_essence":1,"farmersdelight:rope":1,"minecraft:stone_pressure_plate":10,"minecraft:spider_eye":2,"minecraft:arrow":2,"minecraft:wooden_pickaxe":1,"minecraft:stone_brick_stairs":1,"minecraft:quartz":1,"minecraft:black_wool":1},"minecraft:picked_up":{"minecraft:charcoal":2,"minecraft:iron_chestplate":1,"minecraft:cocoa_beans":22,"minecraft:crafting_table":10,"minecraft:allium":21,"born_in_chaos_v1:river_mint":1,"minecraft:azure_bluet":11,"minecraft:redstone_block":1,"minecraft:chicken":9,"moguns:45acp":32,"minecraft:wooden_pickaxe":1,"minecraft:stone_brick_stairs":1,"moguns:g36c":1,"minecraft:cornflower":3,"minecraft:string":30,"minecraft:raw_copper":24,"minecraft:cooked_salmon":1,"minecraft:iron_leggings":4,"moguns:556x45":60,"minecraft:cobbled_deepslate":20,"graveyard:gravestone":1,"cgm:short_scope":1,"minecraft:beef":19,"minecraft:white_tulip":4,"minecraft:rose_bush":2,"minecraft:poppy":28,"minecraft:smooth_quartz":1,"minecraft:melon_slice":18,"minecraft:sugar_cane":55,"minecraft:chest":1,"minecraft:iron_boots":3,"minecraft:egg":4,"minecraft:raw_iron":6,"minecraft:stone":10,"minecraft:torch":20,"minecraft:sandstone_wall":1,"minecraft:note_block":2,"minecraft:spruce_fence":3,"born_in_chaos_v1:pileof_dark_metal":1,"minecraft:porkchop":7,"born_in_chaos_v1:fel_soil":141,"minecraft:stone_button":1,"minecraft:diorite":2,"minecraft:stone_pressure_plate":10,"minecraft:orange_bed":7,"minecraft:stone_sword":3,"minecraft:arrow":12,"minecraft:rotten_flesh":8,"farmersdelight:onion":4,"minecraft:hay_block":3,"minecraft:red_tulip":7,"minecraft:pink_tulip":5,"minecraft:white_terracotta":1,"minecraft:gold_ingot":13,"minecraft:mutton":19,"minecraft:skeleton_skull":1,"minecraft:white_wool":10,"minecraft:cobblestone":83,"minecraft:oxeye_daisy":9,"minecraft:stripped_oak_log":1,"minecraft:birch_log":1,"born_in_chaos_v1:corpse_maggot":1,"minecraft:feather":18,"minecraft:leather":11,"minecraft:potato":3,"minecraft:tuff":1,"minecraft:oak_log":48,"minecraft:gunpowder":4,"simpletomb:grave_key":2,"sanitydim:garland":2,"minecraft:gray_concrete":2,"minecraft:dirt":59,"born_in_chaos_v1:staffofthe_summoner":1,"born_in_chaos_v1:marigolds":4,"born_in_chaos_v1:monster_skin":12,"minecraft:cooked_mutton":1,"minecraft:red_carpet":1,"minecraft:bone":37,"born_in_chaos_v1:soul_cutlass":1,"minecraft:orange_tulip":2,"minecraft:wheat_seeds":13,"minecraft:iron_ingot":12,"minecraft:stone_pickaxe":1,"born_in_chaos_v1:fel_lamp":1,"minecraft:iron_sword":1,"minecraft:polished_andesite_slab":2,"minecraft:oak_planks":16,"minecraft:soul_sand":1,"minecraft:book":12,"minecraft:black_candle":2,"minecraft:pumpkin":15,"born_in_chaos_v1:orbofthe_summoner":1,"minecraft:quartz":2,"minecraft:dandelion":52,"minecraft:gravel":15,"minecraft:sand":13,"minecraft:ink_sac":3,"minecraft:white_bed":3,"minecraft:spider_eye":2,"minecraft:mossy_cobblestone":2,"moguns:m1911":1,"minecraft:white_candle":4,"minecraft:dispenser":1,"minecraft:soul_lantern":1,"minecraft:stone_axe":1,"minecraft:lever":2,"minecraft:iron_helmet":1,"minecraft:bone_meal":2,"knight_quest:kq_great_essence":2,"minecraft:gray_wool":1,"minecraft:spruce_sign":1,"born_in_chaos_v1:rotten_fish":1,"minecraft:black_wool":2,"minecraft:coal":19,"minecraft:andesite_slab":1},"minecraft:broken":{"minecraft:stone_sword":1,"sanitydim:garland":4,"minecraft:stone_pickaxe":1,"minecraft:wooden_pickaxe":1,"minecraft:stone_axe":1},"minecraft:killed":{"born_in_chaos_v1:door_knight_not_despawn":1,"minecraft:spider":1,"born_in_chaos_v1:maggot":1,"minecraft:skeleton":13,"minecraft:chicken":9,"minecraft:silverfish":8,"minecraft:skeleton_horse":1,"born_in_chaos_v1:felsteed":1,"minecraft:pig":3,"minecraft:iron_golem":1,"minecraft:squid":2,"minecraft:sheep":12,"kevin_trophy:crawler_zombie":2,"born_in_chaos_v1:corpse_fly":2,"minecraft:cow":4},"minecraft:crafted":{"minecraft:black_dye":3,"minecraft:oak_planks":164,"minecraft:stone_shovel":1,"minecraft:iron_nugget":45,"minecraft:cooked_chicken":6,"minecraft:furnace":1,"sanitydim:garland":7,"minecraft:cooked_mutton":14,"minecraft:leather":4,"minecraft:stone_pickaxe":1,"minecraft:wheat":198,"sophisticatedbackpacks:iron_backpack":1,"minecraft:cooked_beef":7,"sophisticatedbackpacks:backpack":1,"minecraft:cooked_porkchop":10,"minecraft:crafting_table":1,"minecraft:wooden_pickaxe":1,"minecraft:iron_sword":1,"minecraft:cooked_salmon":3,"sophisticatedbackpacks:gold_backpack":3,"minecraft:birch_planks":4,"minecraft:stone_axe":2,"minecraft:bread":66,"minecraft:air":0,"minecraft:shield":1,"minecraft:stick":28,"minecraft:iron_pickaxe":1,"minecraft:iron_ingot":5,"minecraft:stone_sword":2,"minecraft:white_bed":1,"minecraft:torch":40}},"DataVersion":3120}