{"stats":{"minecraft:dropped":{"minecraft:stone_axe":1,"minecraft:cooked_chicken":2,"minecraft:stone_sword":1,"minecraft:cobblestone":1,"born_in_chaos_v1:orbofthe_summoner":1,"minecraft:azure_bluet":1,"minecraft:red_carpet":1,"minecraft:diorite":2,"minecraft:torch":8,"minecraft:cornflower":1,"born_in_chaos_v1:staffofthe_summoner":1,"sanitydim:garland":5,"minecraft:iron_leggings":1,"minecraft:spider_eye":2,"minecraft:black_wool":1},"minecraft:killed":{"minecraft:pig":1,"minecraft:spider":1,"born_in_chaos_v1:maggot":1,"minecraft:sheep":4,"minecraft:skeleton":1,"minecraft:chicken":6,"born_in_chaos_v1:corpse_fly":1,"minecraft:cow":1},"minecraft:used":{"minecraft:cooked_mutton":2,"minecraft:rose_bush":1,"minecraft:stone_sword":77,"minecraft:stone_shovel":28,"minecraft:stone_pickaxe":42,"minecraft:wooden_pickaxe":47,"minecraft:cooked_salmon":4,"minecraft:cooked_chicken":4,"simpletomb:grave_key":4,"minecraft:torch":3,"minecraft:dirt":31,"sanitydim:garland":1,"minecraft:crafting_table":1,"minecraft:oak_log":5,"minecraft:melon_slice":3,"born_in_chaos_v1:staffofthe_summoner":2,"minecraft:stone_axe":51,"minecraft:cobblestone":40,"minecraft:beef":2,"minecraft:cooked_porkchop":1,"minecraft:porkchop":1,"minecraft:stripped_oak_log":1,"minecraft:cooked_beef":1},"minecraft:broken":{"sanitydim:garland":3,"minecraft:wooden_pickaxe":1},"minecraft:custom":{"minecraft:interact_with_furnace":17,"minecraft:mob_kills":17,"minecraft:interact_with_crafting_table":22,"minecraft:open_barrel":2,"minecraft:leave_game":2,"minecraft:time_since_death":14268,"minecraft:climb_one_cm":2467,"minecraft:time_since_rest":14298,"minecraft:sprint_one_cm":227086,"minecraft:damage_taken":1824,"minecraft:walk_one_cm":161068,"minecraft:drop":22,"minecraft:damage_dealt":2020,"minecraft:swim_one_cm":13322,"minecraft:fly_one_cm":168169,"minecraft:player_kills":2,"minecraft:open_chest":18,"minecraft:crouch_one_cm":3995,"minecraft:play_time":63809,"minecraft:deaths":4,"minecraft:sneak_time":1966,"minecraft:walk_under_water_one_cm":2969,"minecraft:jump":1214,"minecraft:walk_on_water_one_cm":6819,"minecraft:total_world_time":63809,"minecraft:fall_one_cm":25254},"minecraft:killed_by":{"sanitydim:sneaking_terror":1,"born_in_chaos_v1:decrepit_skeleton":1,"minecraft:creeper":1,"born_in_chaos_v1:bone_imp_minion":1},"minecraft:picked_up":{"minecraft:stripped_oak_log":1,"minecraft:cocoa_beans":4,"minecraft:crafting_table":2,"minecraft:allium":1,"minecraft:feather":5,"minecraft:azure_bluet":5,"minecraft:chicken":6,"minecraft:wooden_pickaxe":1,"minecraft:tuff":1,"minecraft:oak_log":46,"minecraft:string":21,"minecraft:dirt":16,"sanitydim:garland":2,"minecraft:cornflower":1,"born_in_chaos_v1:staffofthe_summoner":1,"minecraft:cooked_salmon":1,"minecraft:cooked_mutton":1,"minecraft:iron_leggings":1,"minecraft:red_carpet":1,"minecraft:bone":2,"minecraft:wheat_seeds":8,"minecraft:beef":3,"minecraft:rose_bush":1,"minecraft:poppy":12,"minecraft:melon_slice":18,"minecraft:sugar_cane":29,"minecraft:chest":1,"minecraft:egg":2,"minecraft:book":12,"minecraft:raw_iron":1,"born_in_chaos_v1:orbofthe_summoner":1,"minecraft:torch":15,"minecraft:dandelion":36,"minecraft:gravel":15,"minecraft:porkchop":2,"minecraft:sand":12,"minecraft:diorite":2,"minecraft:spider_eye":2,"minecraft:stone_sword":1,"minecraft:arrow":2,"minecraft:rotten_flesh":1,"minecraft:stone_axe":1,"minecraft:red_tulip":1,"minecraft:black_wool":1,"minecraft:coal":19,"minecraft:mutton":7,"minecraft:skeleton_skull":1,"minecraft:white_wool":3,"minecraft:cobblestone":70,"minecraft:oxeye_daisy":6},"minecraft:mined":{"minecraft:jungle_leaves":19,"minecraft:dandelion":38,"minecraft:torch":4,"minecraft:crafting_table":2,"minecraft:cornflower":1,"minecraft:melon":3,"minecraft:grass_block":6,"minecraft:poppy":12,"minecraft:chest":1,"minecraft:weeping_vines":1,"minecraft:cobblestone":1,"minecraft:tall_grass":5,"minecraft:sugar_cane":11,"minecraft:oxeye_daisy":7,"minecraft:wall_torch":5,"minecraft:skeleton_skull":1,"minecraft:weeping_vines_plant":3,"minecraft:tall_seagrass":1,"minecraft:fire":1,"minecraft:iron_ore":1,"minecraft:azure_bluet":4,"minecraft:grass":54,"minecraft:bookshelf":3,"minecraft:oak_log":46,"minecraft:coal_ore":1,"minecraft:cocoa":3,"minecraft:gravel":16,"minecraft:sand":12,"minecraft:dirt":11,"minecraft:stripped_oak_log":1,"minecraft:cobweb":16,"minecraft:stone":69,"minecraft:fern":1,"minecraft:spruce_slab":1,"minecraft:oak_leaves":13},"minecraft:crafted":{"minecraft:cooked_beef":1,"minecraft:oak_planks":164,"minecraft:stone_shovel":1,"minecraft:cooked_porkchop":1,"minecraft:crafting_table":1,"minecraft:wooden_pickaxe":1,"minecraft:cooked_chicken":6,"minecraft:cooked_salmon":3,"sanitydim:garland":6,"minecraft:stone_axe":1,"minecraft:cooked_mutton":1,"minecraft:air":0,"minecraft:stick":16,"minecraft:stone_pickaxe":1,"minecraft:stone_sword":1,"minecraft:torch":40}},"DataVersion":3120}