{"stats":{"minecraft:mined":{"minecraft:white_bed":1,"minecraft:oak_door":2,"minecraft:snow_block":11,"minecraft:dandelion":1,"minecraft:powder_snow":4,"minecraft:clay":2,"minecraft:torch":1,"minecraft:grass_block":27,"minecraft:cobblestone":21,"minecraft:oak_planks":5,"minecraft:oak_trapdoor":4,"minecraft:iron_ore":16,"minecraft:azure_bluet":1,"minecraft:grass":15,"minecraft:oak_log":15,"minecraft:coal_ore":12,"minecraft:oak_sign":1,"minecraft:sand":16,"minecraft:dirt":60,"minecraft:stone":37,"minecraft:oak_leaves":2},"minecraft:crafted":{"minecraft:oak_door":3,"minecraft:oak_planks":60,"minecraft:wooden_shovel":1,"minecraft:crafting_table":1,"minecraft:wooden_pickaxe":1,"minecraft:cooked_chicken":3,"minecraft:furnace":2,"minecraft:stone_axe":1,"minecraft:cooked_mutton":3,"minecraft:air":0,"minecraft:oak_trapdoor":4,"minecraft:glass":13,"minecraft:stick":16,"minecraft:stone_pickaxe":1,"minecraft:wooden_axe":1,"minecraft:torch":24},"minecraft:dropped":{"minecraft:glass_bottle":1,"born_in_chaos_v1:ethereal_spirit":1,"sanitydim:garland":2,"minecraft:stone_pickaxe":1},"minecraft:used":{"minecraft:oak_trapdoor":4,"minecraft:cooked_mutton":4,"minecraft:stone_pickaxe":86,"minecraft:oak_planks":18,"born_in_chaos_v1:intoxicating_decoction":1,"minecraft:wooden_pickaxe":13,"minecraft:wooden_shovel":59,"minecraft:cooked_chicken":3,"minecraft:rotten_flesh":2,"simpletomb:grave_key":1,"minecraft:oak_door":3,"minecraft:torch":25,"minecraft:sand":3,"minecraft:dirt":47,"sanitydim:garland":1,"minecraft:crafting_table":1,"minecraft:snowball":16,"minecraft:glass":13,"minecraft:black_wool":1,"minecraft:apple":1,"minecraft:stone_axe":43,"minecraft:cobblestone":30,"minecraft:furnace":2,"minecraft:egg":1},"minecraft:picked_up":{"born_in_chaos_v1:corpse_maggot":9,"minecraft:feather":2,"minecraft:azure_bluet":1,"minecraft:chicken":3,"minecraft:clay_ball":4,"minecraft:oak_log":15,"minecraft:chain":1,"sanitydim:garland":3,"minecraft:dirt":48,"minecraft:oak_trapdoor":4,"minecraft:cooked_mutton":1,"born_in_chaos_v1:intoxicating_decoction":1,"minecraft:apple":1,"minecraft:wheat_seeds":1,"minecraft:stone_pickaxe":1,"minecraft:oak_planks":13,"minecraft:egg":1,"minecraft:stick":3,"minecraft:raw_iron":17,"minecraft:oak_door":2,"minecraft:dandelion":1,"minecraft:torch":2,"born_in_chaos_v1:ethereal_spirit":3,"minecraft:sand":16,"minecraft:spruce_sapling":1,"minecraft:spider_eye":1,"minecraft:black_dye":1,"minecraft:rotten_flesh":2,"minecraft:oak_sapling":2,"minecraft:black_wool":1,"minecraft:mutton":3,"minecraft:coal":10,"minecraft:snowball":44,"minecraft:white_wool":1,"minecraft:cobblestone":56},"minecraft:killed_by":{"kevin_trophy:zombie_brute":1,"born_in_chaos_v1:corpse_fly":1},"minecraft:broken":{"minecraft:wooden_shovel":1,"sanitydim:garland":1},"minecraft:killed":{"born_in_chaos_v1:restless_spirit":1,"minecraft:sheep":2,"minecraft:zombie":1,"minecraft:chicken":3,"born_in_chaos_v1:corpse_fly":7,"born_in_chaos_v1:dark_vortex":1},"minecraft:custom":{"minecraft:interact_with_furnace":17,"minecraft:mob_kills":15,"minecraft:interact_with_crafting_table":10,"minecraft:damage_dealt_resisted":20,"minecraft:leave_game":6,"minecraft:time_since_death":5602,"minecraft:sleep_in_bed":3,"minecraft:time_since_rest":5635,"minecraft:sprint_one_cm":106762,"minecraft:damage_taken":1065,"minecraft:walk_one_cm":137669,"minecraft:drop":5,"minecraft:damage_dealt":1776,"minecraft:swim_one_cm":1528,"minecraft:fly_one_cm":205891,"minecraft:crouch_one_cm":10208,"minecraft:play_time":61474,"minecraft:deaths":2,"minecraft:sneak_time":5149,"minecraft:walk_under_water_one_cm":1679,"minecraft:jump":1335,"minecraft:walk_on_water_one_cm":1381,"minecraft:total_world_time":61474,"minecraft:fall_one_cm":33382}},"DataVersion":3120}