{"stats":{"minecraft:mined":{"minecraft:tuff":1,"minecraft:white_bed":3,"minecraft:spruce_planks":1,"minecraft:farmland":1,"minecraft:dark_oak_log":2,"minecraft:obsidian":3,"minecraft:granite":2,"minecraft:allium":6,"minecraft:spruce_fence":1,"minecraft:grass_block":14,"minecraft:redstone_wire":1,"minecraft:spawner":6,"minecraft:weeping_vines_plant":1,"minecraft:oak_trapdoor":16,"minecraft:fire":5,"minecraft:orange_stained_glass_pane":1,"minecraft:red_tulip":1,"minecraft:potatoes":1,"minecraft:iron_bars":1,"minecraft:light_gray_concrete":7,"minecraft:stripped_acacia_log":1,"minecraft:stone":71,"minecraft:redstone_wall_torch":1,"minecraft:orange_bed":7,"minecraft:tripwire":1,"minecraft:cornflower":1,"minecraft:crafting_table":1,"minecraft:torch":1,"minecraft:jungle_stairs":1,"minecraft:blast_furnace":1,"minecraft:emerald_ore":2,"minecraft:poppy":3,"minecraft:chest":1,"minecraft:rose_bush":22,"minecraft:tall_grass":5,"minecraft:cobblestone":21,"minecraft:cyan_bed":1,"graveyard:lying_skeleton":1,"minecraft:bricks":1,"minecraft:diorite":4,"minecraft:wall_torch":5,"minecraft:chain":1,"minecraft:wheat":1,"minecraft:tnt":1,"minecraft:stone_brick_stairs":1,"minecraft:grass":31,"minecraft:coal_ore":4,"minecraft:oak_log":19,"minecraft:acacia_fence":1,"minecraft:smooth_quartz":4,"minecraft:gravel":2,"minecraft:dirt":19,"minecraft:cobweb":2,"minecraft:chipped_anvil":1,"minecraft:oak_leaves":8,"minecraft:redstone_lamp":4},"minecraft:killed_by":{"midnightlurker:midnight_lurker_backturned":1,"minecraft:player":5,"minecraft:stray":1,"minecraft:spider":1,"born_in_chaos_v1:bone_imp_minion":1,"minecraft:skeleton":5,"born_in_chaos_v1:supreme_bonescaller_not_despawn":1,"born_in_chaos_v1:supreme_bonescaller_stage_2":3,"minecraft:vex":2},"minecraft:custom":{"minecraft:mob_kills":69,"minecraft:interact_with_crafting_table":25,"minecraft:open_barrel":2,"minecraft:bell_ring":15,"minecraft:damage_dealt_resisted":1730,"minecraft:leave_game":7,"minecraft:time_since_death":42378,"minecraft:climb_one_cm":32866,"minecraft:sprint_one_cm":422202,"minecraft:walk_one_cm":380697,"minecraft:damage_blocked_by_shield":625,"minecraft:drop":142,"minecraft:play_noteblock":1,"minecraft:talked_to_villager":9,"minecraft:play_time":202635,"minecraft:deaths":25,"minecraft:sneak_time":7176,"minecraft:walk_under_water_one_cm":37851,"minecraft:jump":2952,"minecraft:walk_on_water_one_cm":42694,"minecraft:total_world_time":202635,"minecraft:interact_with_furnace":20,"minecraft:traded_with_villager":10,"minecraft:tune_noteblock":63,"minecraft:sleep_in_bed":8,"minecraft:time_since_rest":9943,"minecraft:damage_taken":14187,"minecraft:damage_absorbed":80,"minecraft:damage_dealt":10248,"minecraft:player_kills":5,"minecraft:swim_one_cm":33622,"minecraft:fly_one_cm":504315,"minecraft:open_chest":60,"minecraft:crouch_one_cm":19120,"minecraft:fall_one_cm":144563,"minecraft:inspect_dispenser":1},"minecraft:used":{"minecraft:oak_trapdoor":16,"minecraft:stone_sword":257,"minecraft:spruce_planks":1,"minecraft:shield":13,"minecraft:iron_sword":56,"minecraft:cooked_salmon":8,"minecraft:orange_bed":7,"simpletomb:grave_key":29,"minecraft:torch":4,"minecraft:dirt":35,"sanitydim:garland":2,"minecraft:tuff":1,"minecraft:bricks":1,"minecraft:iron_axe":1,"minecraft:iron_boots":1,"minecraft:redstone_lamp":8,"minecraft:furnace":2,"minecraft:acacia_fence":1,"minecraft:cooked_beef":1,"minecraft:cooked_mutton":6,"minecraft:water_bucket":17,"minecraft:stone_pickaxe":118,"minecraft:oak_planks":2,"minecraft:wooden_pickaxe":14,"minecraft:golden_apple":2,"farmersdelight:onion":1,"minecraft:tnt":1,"minecraft:crafting_table":7,"minecraft:white_bed":6,"minecraft:redstone_torch":1,"minecraft:piston":5,"minecraft:diamond_pickaxe":16,"minecraft:apple":4,"born_in_chaos_v1:monster_flesh":1,"minecraft:light_gray_concrete":9,"minecraft:cyan_bed":1,"minecraft:bread":18,"born_in_chaos_v1:staffofthe_summoner":38,"minecraft:gravel":2,"minecraft:stone_axe":42,"minecraft:wooden_sword":25,"minecraft:cobblestone":49,"minecraft:bucket":18},"minecraft:dropped":{"minecraft:iron_ingot":14,"moguns:45acp":20,"minecraft:wheat_seeds":11,"born_in_chaos_v1:shattered_skull":1,"minecraft:tnt":1,"simpletomb:grave_key":2,"minecraft:iron_helmet":3,"minecraft:feather":3,"minecraft:cobblestone":93,"born_in_chaos_v1:orbofthe_summoner":1,"minecraft:lantern":1,"minecraft:granite":21,"minecraft:saddle":1,"born_in_chaos_v1:pileof_dark_metal":1,"minecraft:coal":4,"minecraft:flint":2,"minecraft:red_carpet":4,"minecraft:emerald":2,"minecraft:dirt":23,"minecraft:gray_concrete":1,"minecraft:dark_oak_log":2,"minecraft:diorite":3,"born_in_chaos_v1:monster_skin":12,"minecraft:cornflower":1,"born_in_chaos_v1:staffofthe_summoner":1,"minecraft:mutton":2,"minecraft:repeater":1,"minecraft:wooden_axe":1,"minecraft:smooth_quartz":2,"minecraft:rose_bush":41,"minecraft:cooked_salmon":4,"minecraft:chain":1,"minecraft:iron_leggings":3,"minecraft:sand":1,"minecraft:orange_bed":2,"minecraft:chipped_anvil":1,"minecraft:string":1,"minecraft:white_wool":2,"minecraft:redstone_block":1,"minecraft:bone":18,"minecraft:redstone":3,"minecraft:stone_axe":1,"minecraft:lever":1,"minecraft:oak_trapdoor":4,"minecraft:coarse_dirt":6,"minecraft:stone_sword":3,"minecraft:cobbled_deepslate":430,"minecraft:wheat":1,"minecraft:tuff":128,"minecraft:obsidian":6,"minecraft:birch_sapling":2,"minecraft:rotten_flesh":19,"minecraft:light_gray_wool":1,"minecraft:oak_planks":19,"minecraft:iron_boots":2,"minecraft:light_gray_concrete":1,"minecraft:azure_bluet":1,"minecraft:white_bed":1,"minecraft:spruce_fence":1,"minecraft:carrot":2,"minecraft:blast_furnace":1,"minecraft:diamond_sword":1,"minecraft:potato":9,"born_in_chaos_v1:seedof_chaos":7,"minecraft:skeleton_skull":2,"minecraft:iron_chestplate":3,"minecraft:beetroot_seeds":4,"born_in_chaos_v1:corpse_maggot":3,"sanitydim:garland":2,"minecraft:oak_sapling":13,"born_in_chaos_v1:diamond_termite_shard":4,"knight_quest:kq_great_essence":1,"minecraft:spider_eye":1,"minecraft:iron_bars":1,"minecraft:stone_pickaxe":13,"minecraft:wooden_pickaxe":2,"minecraft:red_tulip":1,"minecraft:stone_brick_stairs":1,"minecraft:black_wool":1},"minecraft:picked_up":{"minecraft:allium":9,"minecraft:coarse_dirt":6,"minecraft:iron_chestplate":2,"minecraft:crafting_table":2,"minecraft:wheat":1,"minecraft:azure_bluet":1,"born_in_chaos_v1:seedof_chaos":2,"minecraft:redstone_lamp":3,"moguns:45acp":20,"minecraft:diamond_sword":1,"minecraft:wooden_pickaxe":1,"minecraft:stone_brick_stairs":1,"minecraft:chain":1,"minecraft:shield":1,"minecraft:cornflower":1,"minecraft:string":4,"minecraft:oak_trapdoor":18,"minecraft:cobbled_deepslate":430,"minecraft:spruce_planks":1,"minecraft:beef":2,"minecraft:redstone_torch":1,"minecraft:rose_bush":41,"minecraft:poppy":4,"minecraft:smooth_quartz":2,"minecraft:light_gray_wool":1,"minecraft:chest":1,"minecraft:iron_boots":2,"minecraft:piston":1,"minecraft:birch_sapling":2,"minecraft:furnace":1,"minecraft:tipped_arrow":2,"minecraft:stick":3,"born_in_chaos_v1:shattered_skull":1,"minecraft:acacia_fence":1,"minecraft:torch":6,"minecraft:spruce_fence":1,"minecraft:stone_button":1,"minecraft:diorite":3,"minecraft:carrot":2,"minecraft:redstone":3,"minecraft:tnt":1,"minecraft:orange_bed":9,"minecraft:stone_sword":1,"minecraft:arrow":28,"minecraft:rotten_flesh":24,"minecraft:beetroot_seeds":4,"minecraft:jungle_stairs":1,"farmersdelight:onion":1,"minecraft:red_tulip":1,"minecraft:obsidian":9,"minecraft:mutton":11,"minecraft:iron_bars":1,"minecraft:white_wool":6,"minecraft:cobblestone":166,"born_in_chaos_v1:corpse_maggot":3,"minecraft:feather":3,"minecraft:repeater":1,"minecraft:salmon":15,"minecraft:andesite":1,"minecraft:potato":9,"minecraft:tuff":129,"minecraft:oak_log":19,"simpletomb:grave_key":1,"sanitydim:garland":6,"minecraft:gray_concrete":1,"minecraft:dirt":58,"minecraft:lantern":1,"born_in_chaos_v1:staffofthe_summoner":1,"minecraft:chipped_anvil":1,"minecraft:red_carpet":4,"minecraft:bone":27,"minecraft:wheat_seeds":11,"minecraft:iron_ingot":3,"minecraft:stone_pickaxe":4,"minecraft:oak_planks":21,"born_in_chaos_v1:orbofthe_summoner":1,"born_in_chaos_v1:ethereal_spirit":2,"minecraft:gravel":2,"minecraft:sand":2,"minecraft:cyan_bed":2,"minecraft:white_bed":6,"minecraft:blast_furnace":1,"minecraft:dark_oak_log":2,"minecraft:light_gray_concrete":10,"minecraft:diamond":1,"minecraft:stone_axe":1,"minecraft:lever":1,"minecraft:iron_helmet":1,"minecraft:granite":21,"knight_quest:kq_great_essence":8,"minecraft:bread":16,"minecraft:emerald":9,"minecraft:oak_sapling":13,"minecraft:black_wool":1,"minecraft:bricks":1,"minecraft:coal":4},"minecraft:broken":{"sanitydim:garland":4},"minecraft:killed":{"minecraft:vex":1,"born_in_chaos_v1:restless_spirit":2,"minecraft:spider":4,"born_in_chaos_v1:skeleton_thrasher_not_despawn":1,"born_in_chaos_v1:baby_skeleton_minion":3,"born_in_chaos_v1:maggot":1,"minecraft:skeleton":7,"born_in_chaos_v1:supreme_bonescaller_stage_2":1,"born_in_chaos_v1:bone_imp_minion":11,"minecraft:salmon":15,"born_in_chaos_v1:decrepit_skeleton":3,"minecraft:sheep":7,"minecraft:zombie":4,"born_in_chaos_v1:corpse_fly":4,"minecraft:stray":2,"born_in_chaos_v1:door_knight":1,"minecraft:villager":2,"minecraft:cow":1},"minecraft:crafted":{"minecraft:wooden_sword":1,"minecraft:oak_planks":76,"minecraft:furnace":1,"minecraft:cooked_mutton":6,"minecraft:oak_trapdoor":2,"minecraft:iron_boots":1,"minecraft:stone_pickaxe":12,"minecraft:cooked_beef":1,"minecraft:crafting_table":6,"minecraft:wooden_pickaxe":1,"minecraft:cooked_salmon":12,"minecraft:stone_axe":2,"minecraft:air":0,"minecraft:iron_chestplate":1,"minecraft:diamond_pickaxe":1,"minecraft:stick":32,"minecraft:wooden_axe":1,"minecraft:stone_sword":2,"minecraft:iron_leggings":2,"minecraft:white_bed":1}},"DataVersion":3120}