{"stats":{"minecraft:dropped":{"minecraft:iron_ingot":5,"born_in_chaos_v1:shattered_skull":1,"minecraft:wheat_seeds":1,"minecraft:cobblestone":64,"born_in_chaos_v1:orbofthe_summoner":1,"minecraft:granite":1,"minecraft:dirt":9,"born_in_chaos_v1:staffofthe_summoner":1,"minecraft:wooden_axe":1,"minecraft:rose_bush":41,"minecraft:cooked_salmon":4,"minecraft:iron_leggings":1,"minecraft:bone":3,"minecraft:stone_axe":1,"minecraft:oak_trapdoor":4,"minecraft:cobbled_deepslate":302,"minecraft:tuff":128,"minecraft:birch_sapling":2,"minecraft:rotten_flesh":4,"minecraft:light_gray_wool":1,"minecraft:oak_planks":18,"sanitydim:garland":2,"born_in_chaos_v1:corpse_maggot":3,"minecraft:oak_sapling":1,"born_in_chaos_v1:diamond_termite_shard":4,"minecraft:spider_eye":1,"minecraft:stone_pickaxe":1,"minecraft:wooden_pickaxe":2,"minecraft:red_tulip":1},"minecraft:killed":{"minecraft:vex":1,"born_in_chaos_v1:restless_spirit":1,"minecraft:spider":1,"born_in_chaos_v1:skeleton_thrasher_not_despawn":1,"born_in_chaos_v1:baby_skeleton_minion":3,"born_in_chaos_v1:maggot":1,"minecraft:skeleton":1,"born_in_chaos_v1:supreme_bonescaller_stage_2":1,"born_in_chaos_v1:bone_imp_minion":11,"minecraft:salmon":15,"born_in_chaos_v1:decrepit_skeleton":1,"minecraft:sheep":5,"minecraft:zombie":4,"born_in_chaos_v1:corpse_fly":4,"minecraft:stray":2,"born_in_chaos_v1:door_knight":1,"minecraft:cow":1},"minecraft:used":{"minecraft:oak_trapdoor":16,"minecraft:stone_sword":186,"minecraft:shield":10,"minecraft:cooked_salmon":8,"simpletomb:grave_key":12,"minecraft:torch":2,"minecraft:dirt":24,"sanitydim:garland":2,"minecraft:tuff":1,"minecraft:furnace":2,"minecraft:cooked_beef":1,"minecraft:cooked_mutton":6,"minecraft:stone_pickaxe":89,"minecraft:wooden_pickaxe":14,"minecraft:golden_apple":2,"minecraft:crafting_table":4,"minecraft:white_bed":2,"born_in_chaos_v1:staffofthe_summoner":38,"minecraft:gravel":2,"minecraft:stone_axe":27,"minecraft:wooden_sword":25,"minecraft:cobblestone":49},"minecraft:broken":{"sanitydim:garland":4},"minecraft:custom":{"minecraft:mob_kills":49,"minecraft:interact_with_crafting_table":19,"minecraft:open_barrel":2,"minecraft:damage_dealt_resisted":1539,"minecraft:leave_game":5,"minecraft:time_since_death":8145,"minecraft:sprint_one_cm":224831,"minecraft:walk_one_cm":232093,"minecraft:damage_blocked_by_shield":515,"minecraft:drop":43,"minecraft:play_time":96142,"minecraft:deaths":10,"minecraft:sneak_time":2867,"minecraft:walk_under_water_one_cm":9820,"minecraft:jump":1395,"minecraft:walk_on_water_one_cm":7720,"minecraft:total_world_time":96142,"minecraft:interact_with_furnace":20,"minecraft:time_since_rest":8170,"minecraft:damage_taken":3665,"minecraft:damage_absorbed":80,"minecraft:damage_dealt":6578,"minecraft:player_kills":3,"minecraft:fly_one_cm":192385,"minecraft:swim_one_cm":15714,"minecraft:open_chest":11,"minecraft:crouch_one_cm":7307,"minecraft:fall_one_cm":26760},"minecraft:killed_by":{"minecraft:player":1,"minecraft:stray":1,"minecraft:spider":1,"born_in_chaos_v1:bone_imp_minion":1,"born_in_chaos_v1:supreme_bonescaller_not_despawn":1,"born_in_chaos_v1:supreme_bonescaller_stage_2":3,"minecraft:vex":2},"minecraft:picked_up":{"minecraft:allium":5,"born_in_chaos_v1:seedof_chaos":2,"minecraft:wooden_pickaxe":1,"minecraft:chain":1,"minecraft:shield":1,"minecraft:cornflower":1,"minecraft:oak_trapdoor":18,"minecraft:cobbled_deepslate":430,"minecraft:beef":2,"minecraft:rose_bush":41,"minecraft:poppy":3,"minecraft:light_gray_wool":1,"minecraft:birch_sapling":2,"minecraft:furnace":1,"minecraft:tipped_arrow":2,"minecraft:stick":1,"born_in_chaos_v1:shattered_skull":1,"minecraft:torch":4,"minecraft:arrow":10,"minecraft:rotten_flesh":9,"minecraft:red_tulip":1,"minecraft:mutton":7,"minecraft:white_wool":4,"minecraft:cobblestone":160,"born_in_chaos_v1:corpse_maggot":3,"minecraft:feather":3,"minecraft:salmon":15,"minecraft:andesite":1,"minecraft:tuff":129,"minecraft:oak_log":19,"sanitydim:garland":6,"minecraft:dirt":33,"born_in_chaos_v1:staffofthe_summoner":1,"minecraft:red_carpet":4,"minecraft:bone":8,"minecraft:wheat_seeds":1,"minecraft:iron_ingot":2,"minecraft:stone_pickaxe":1,"minecraft:oak_planks":18,"born_in_chaos_v1:orbofthe_summoner":1,"born_in_chaos_v1:ethereal_spirit":1,"minecraft:gravel":2,"minecraft:white_bed":1,"minecraft:dark_oak_log":2,"minecraft:stone_axe":1,"minecraft:granite":21,"knight_quest:kq_great_essence":4,"minecraft:oak_sapling":1,"minecraft:coal":4},"minecraft:mined":{"minecraft:tuff":1,"minecraft:white_bed":1,"minecraft:dark_oak_log":2,"minecraft:granite":2,"minecraft:allium":6,"minecraft:grass_block":2,"minecraft:spawner":3,"minecraft:weeping_vines_plant":1,"minecraft:oak_trapdoor":16,"minecraft:fire":5,"minecraft:red_tulip":1,"minecraft:stone":67,"minecraft:cornflower":1,"minecraft:torch":1,"minecraft:poppy":3,"minecraft:rose_bush":22,"minecraft:cobblestone":21,"minecraft:wall_torch":2,"minecraft:chain":1,"minecraft:grass":8,"minecraft:coal_ore":4,"minecraft:oak_log":19,"minecraft:dirt":18,"minecraft:gravel":2,"minecraft:oak_leaves":5},"minecraft:crafted":{"minecraft:wooden_sword":1,"minecraft:oak_planks":76,"minecraft:furnace":1,"minecraft:cooked_mutton":6,"minecraft:oak_trapdoor":2,"minecraft:stone_pickaxe":2,"minecraft:cooked_beef":1,"minecraft:crafting_table":4,"minecraft:wooden_pickaxe":1,"minecraft:cooked_salmon":12,"minecraft:stone_axe":2,"minecraft:air":0,"minecraft:iron_chestplate":1,"minecraft:stick":32,"minecraft:wooden_axe":1,"minecraft:stone_sword":2,"minecraft:iron_leggings":1,"minecraft:white_bed":1}},"DataVersion":3120}