{"stats":{"minecraft:custom":{"minecraft:interact_with_crafting_table":29,"minecraft:open_barrel":2,"minecraft:bell_ring":15,"minecraft:eat_cake_slice":4,"minecraft:leave_game":15,"minecraft:time_since_death":375,"minecraft:sprint_one_cm":646228,"minecraft:damage_blocked_by_shield":785,"minecraft:drop":176,"minecraft:play_noteblock":1,"minecraft:talked_to_villager":9,"minecraft:play_time":317898,"minecraft:deaths":33,"minecraft:jump":4217,"minecraft:walk_on_water_one_cm":44927,"minecraft:interact_with_furnace":20,"minecraft:traded_with_villager":10,"minecraft:sleep_in_bed":16,"minecraft:damage_dealt":17376,"minecraft:player_kills":6,"minecraft:crouch_one_cm":30317,"minecraft:inspect_dispenser":1,"minecraft:horse_one_cm":7529,"minecraft:mob_kills":106,"minecraft:damage_dealt_resisted":1750,"minecraft:climb_one_cm":38436,"minecraft:walk_one_cm":550420,"minecraft:sneak_time":11878,"minecraft:walk_under_water_one_cm":44948,"minecraft:total_world_time":317898,"minecraft:tune_noteblock":63,"minecraft:time_since_rest":397,"minecraft:damage_absorbed":80,"minecraft:damage_taken":18648,"minecraft:swim_one_cm":35553,"minecraft:fly_one_cm":735365,"minecraft:open_chest":67,"minecraft:fall_one_cm":178500},"minecraft:killed":{"born_in_chaos_v1:restless_spirit":2,"minecraft:spider":5,"born_in_chaos_v1:baby_skeleton_minion":3,"minecraft:skeleton":8,"born_in_chaos_v1:supreme_bonescaller_stage_2":1,"born_in_chaos_v1:firelight_not_despawn":1,"minecraft:salmon":15,"minecraft:iron_golem":1,"minecraft:sheep":10,"minecraft:pillager":4,"minecraft:zombie":4,"born_in_chaos_v1:corpse_fly":5,"minecraft:stray":2,"born_in_chaos_v1:door_knight":1,"minecraft:cow":3,"minecraft:vex":1,"born_in_chaos_v1:skeleton_thrasher_not_despawn":1,"born_in_chaos_v1:maggot":3,"minecraft:husk":22,"born_in_chaos_v1:bone_imp_minion":11,"born_in_chaos_v1:decrepit_skeleton":3,"minecraft:villager":2},"minecraft:crafted":{"minecraft:oak_planks":92,"minecraft:cooked_mutton":6,"minecraft:iron_boots":1,"minecraft:crafting_table":7,"minecraft:wooden_pickaxe":1,"minecraft:iron_chestplate":1,"minecraft:diamond_pickaxe":1,"minecraft:stick":40,"minecraft:iron_pickaxe":1,"minecraft:stone_sword":2,"minecraft:wooden_sword":1,"minecraft:furnace":1,"minecraft:oak_trapdoor":2,"minecraft:stone_pickaxe":12,"minecraft:dark_oak_planks":12,"sophisticatedbackpacks:iron_backpack":1,"minecraft:cooked_beef":1,"minecraft:iron_sword":1,"minecraft:cooked_salmon":12,"minecraft:stone_axe":2,"minecraft:air":0,"minecraft:wooden_axe":1,"minecraft:iron_leggings":2,"minecraft:white_bed":1},"minecraft:used":{"minecraft:shield":17,"minecraft:iron_sword":241,"sanitydim:garland":2,"minecraft:tuff":1,"minecraft:obsidian":4,"minecraft:bricks":1,"minecraft:redstone_lamp":8,"butchercraft:pork_tenderloin":1,"minecraft:furnace":2,"minecraft:acacia_fence":1,"cgm:heavy_rifle":30,"minecraft:stone_pickaxe":118,"minecraft:oak_planks":4,"minecraft:ender_pearl":1,"minecraft:wooden_pickaxe":14,"minecraft:golden_apple":2,"minecraft:stripped_mangrove_wood":5,"minecraft:redstone_torch":1,"minecraft:light_gray_concrete":9,"born_in_chaos_v1:monster_flesh":1,"minecraft:bread":34,"minecraft:cyan_bed":3,"minecraft:gravel":2,"minecraft:wooden_sword":25,"minecraft:oak_trapdoor":16,"minecraft:stone_sword":257,"minecraft:flint_and_steel":4,"minecraft:spruce_planks":1,"minecraft:cooked_salmon":8,"simpletomb:grave_key":38,"minecraft:orange_bed":7,"minecraft:torch":4,"minecraft:dirt":36,"minecraft:dark_oak_planks":4,"butchercraft:cooked_beef_stewmeat":6,"minecraft:iron_axe":27,"minecraft:iron_boots":1,"minecraft:cooked_beef":2,"minecraft:cooked_mutton":6,"farmersdelight:iron_knife":1,"minecraft:water_bucket":37,"farmersdelight:onion":1,"minecraft:tnt":1,"minecraft:crafting_table":8,"minecraft:white_bed":6,"butchercraft:cooked_beef_roast":6,"minecraft:piston":5,"minecraft:diamond_pickaxe":23,"minecraft:apple":4,"minecraft:iron_pickaxe":19,"born_in_chaos_v1:staffofthe_summoner":38,"minecraft:stone_axe":42,"minecraft:cobblestone":52,"butchercraft:cooked_beef_ribs":3,"minecraft:bucket":38},"minecraft:mined":{"minecraft:spruce_planks":1,"minecraft:white_bed":3,"minecraft:farmland":1,"minecraft:red_nether_bricks":2,"minecraft:obsidian":3,"minecraft:granite":2,"minecraft:grass_block":14,"minecraft:spawner":9,"minecraft:weeping_vines_plant":1,"minecraft:fire":6,"minecraft:stripped_dark_oak_wood":2,"minecraft:dark_oak_stairs":1,"minecraft:red_tulip":1,"minecraft:iron_bars":1,"minecraft:light_gray_concrete":7,"minecraft:stripped_mangrove_wood":5,"minecraft:tripwire":1,"minecraft:orange_bed":7,"minecraft:torch":2,"minecraft:jungle_stairs":1,"minecraft:blast_furnace":1,"minecraft:calcite":2,"minecraft:poppy":12,"minecraft:chest":1,"minecraft:white_stained_glass_pane":10,"minecraft:cobblestone":22,"minecraft:cyan_bed":2,"graveyard:lying_skeleton":1,"minecraft:oak_planks":1,"minecraft:bricks":1,"minecraft:wall_torch":5,"minecraft:chain":1,"minecraft:dark_oak_slab":3,"minecraft:wheat":1,"minecraft:tnt":1,"minecraft:wither_rose":1,"minecraft:stone_brick_stairs":1,"minecraft:grass":36,"minecraft:oak_log":23,"minecraft:acacia_fence":1,"minecraft:dirt":19,"minecraft:smooth_quartz":4,"minecraft:oak_leaves":13,"minecraft:redstone_lamp":4,"minecraft:crying_obsidian":1,"minecraft:tuff":1,"minecraft:mossy_cobblestone":1,"farmersdelight:wild_carrots":1,"minecraft:dark_oak_log":5,"minecraft:allium":6,"minecraft:spruce_fence":1,"minecraft:redstone_wire":1,"minecraft:mangrove_trapdoor":1,"minecraft:oak_trapdoor":16,"minecraft:orange_stained_glass_pane":1,"minecraft:andesite":1,"minecraft:bookshelf":2,"minecraft:potatoes":1,"minecraft:lantern":1,"minecraft:stripped_acacia_log":1,"minecraft:stone":80,"minecraft:redstone_wall_torch":1,"minecraft:redstone_block":1,"born_in_chaos_v1:marigolds":4,"minecraft:dandelion":10,"minecraft:crafting_table":1,"minecraft:cornflower":2,"minecraft:emerald_ore":2,"minecraft:rose_bush":22,"minecraft:tall_grass":6,"minecraft:diorite":4,"minecraft:spruce_stairs":1,"minecraft:coal_ore":4,"minecraft:gravel":2,"minecraft:cobweb":2,"minecraft:chipped_anvil":1},"minecraft:dropped":{"farmersdelight:iron_knife":2,"minecraft:ender_pearl":9,"minecraft:lantern":1,"minecraft:leather":1,"minecraft:saddle":1,"born_in_chaos_v1:pileof_dark_metal":1,"minecraft:red_carpet":4,"minecraft:flint":2,"minecraft:emerald":2,"born_in_chaos_v1:monster_flesh":4,"minecraft:dirt":23,"minecraft:gray_concrete":1,"minecraft:dark_oak_log":2,"born_in_chaos_v1:monster_skin":12,"minecraft:cornflower":2,"minecraft:mutton":2,"minecraft:chain":1,"minecraft:sand":1,"minecraft:white_wool":2,"minecraft:bone":25,"minecraft:stone_axe":2,"minecraft:lever":1,"born_in_chaos_v1:fire_dust":2,"minecraft:cobbled_deepslate":430,"minecraft:birch_sapling":2,"minecraft:wheat":1,"minecraft:obsidian":6,"born_in_chaos_v1:ethereal_spirit":2,"minecraft:rotten_flesh":19,"minecraft:oak_planks":35,"minecraft:azure_bluet":1,"minecraft:white_bed":1,"minecraft:carrot":2,"minecraft:poppy":9,"butchercraft:cooked_beef_ribs":2,"born_in_chaos_v1:seedof_chaos":7,"minecraft:skeleton_skull":2,"minecraft:jungle_stairs":1,"minecraft:beetroot_seeds":4,"born_in_chaos_v1:corpse_maggot":3,"born_in_chaos_v1:diamond_termite_shard":4,"minecraft:chest":1,"knight_quest:kq_great_essence":8,"minecraft:iron_bars":1,"minecraft:stone_brick_stairs":1,"born_in_chaos_v1:marigolds":3,"minecraft:iron_ingot":15,"moguns:45acp":20,"born_in_chaos_v1:shattered_skull":1,"minecraft:wheat_seeds":13,"minecraft:tnt":1,"minecraft:mossy_cobblestone":1,"simpletomb:grave_key":2,"minecraft:feather":3,"minecraft:iron_helmet":3,"minecraft:cobblestone":98,"born_in_chaos_v1:orbofthe_summoner":1,"minecraft:granite":21,"minecraft:coal":4,"minecraft:diorite":3,"minecraft:torch":1,"born_in_chaos_v1:staffofthe_summoner":1,"minecraft:repeater":1,"minecraft:wooden_axe":1,"minecraft:smooth_quartz":2,"minecraft:rose_bush":41,"minecraft:cooked_salmon":4,"minecraft:iron_leggings":3,"minecraft:chipped_anvil":1,"minecraft:orange_bed":2,"minecraft:string":5,"minecraft:redstone_block":1,"minecraft:dandelion":2,"minecraft:redstone":3,"cgm:advanced_bullet":32,"minecraft:oak_trapdoor":4,"minecraft:coarse_dirt":6,"minecraft:stone_sword":3,"minecraft:tuff":128,"minecraft:light_gray_wool":1,"minecraft:iron_boots":2,"minecraft:light_gray_concrete":1,"minecraft:spruce_fence":1,"minecraft:blast_furnace":1,"minecraft:diamond_sword":1,"minecraft:potato":9,"minecraft:allium":9,"minecraft:iron_chestplate":3,"minecraft:andesite":1,"sanitydim:garland":2,"minecraft:oak_sapling":14,"minecraft:spider_eye":1,"minecraft:stone_pickaxe":14,"minecraft:wooden_pickaxe":2,"minecraft:red_tulip":1,"minecraft:calcite":2,"minecraft:black_wool":1},"minecraft:picked_up":{"minecraft:iron_chestplate":2,"minecraft:wheat":1,"minecraft:diamond_sword":1,"minecraft:wither_rose":1,"butchercraft:cooked_beef_ribs":5,"minecraft:stone_brick_stairs":1,"minecraft:string":5,"minecraft:cobbled_deepslate":430,"minecraft:spruce_planks":1,"minecraft:rose_bush":41,"minecraft:redstone_torch":1,"minecraft:calcite":2,"minecraft:smooth_quartz":2,"minecraft:furnace":1,"cgm:advanced_bullet":85,"minecraft:iron_boots":2,"minecraft:tipped_arrow":2,"minecraft:stick":3,"born_in_chaos_v1:shattered_skull":1,"minecraft:acacia_fence":1,"minecraft:torch":7,"minecraft:spruce_stairs":1,"minecraft:diorite":3,"minecraft:orange_bed":9,"minecraft:stone_sword":1,"minecraft:rotten_flesh":53,"farmersdelight:onion":1,"minecraft:red_tulip":1,"minecraft:obsidian":9,"minecraft:iron_bars":1,"minecraft:cobblestone":174,"butchercraft:pork_tenderloin":1,"born_in_chaos_v1:staffof_magic_arrows":1,"minecraft:feather":3,"minecraft:cooked_beef":1,"minecraft:repeater":1,"minecraft:andesite":2,"butchercraft:cooked_beef_roast":6,"minecraft:potato":9,"minecraft:tuff":129,"cgm:heavy_rifle":1,"minecraft:gray_concrete":1,"minecraft:lantern":1,"minecraft:dirt":59,"born_in_chaos_v1:staffofthe_summoner":1,"born_in_chaos_v1:marigolds":3,"minecraft:bone":30,"minecraft:chipped_anvil":1,"farmersdelight:iron_knife":2,"minecraft:wheat_seeds":14,"minecraft:oak_planks":22,"minecraft:cooked_porkchop":1,"minecraft:sand":2,"minecraft:cyan_bed":3,"minecraft:dark_oak_log":5,"minecraft:mossy_cobblestone":1,"minecraft:light_gray_concrete":10,"born_in_chaos_v1:fire_dust":2,"minecraft:diamond":1,"minecraft:lever":1,"minecraft:granite":21,"minecraft:spruce_sign":1,"minecraft:emerald":9,"minecraft:bread":16,"minecraft:oak_sapling":14,"minecraft:bricks":1,"butchercraft:cooked_beef_stewmeat":6,"minecraft:coarse_dirt":6,"minecraft:crafting_table":2,"minecraft:allium":9,"minecraft:azure_bluet":1,"minecraft:redstone_lamp":3,"born_in_chaos_v1:seedof_chaos":2,"moguns:45acp":20,"minecraft:wooden_pickaxe":1,"minecraft:chain":1,"minecraft:shield":1,"minecraft:cornflower":2,"minecraft:oak_trapdoor":18,"minecraft:beef":5,"minecraft:player_head":1,"minecraft:poppy":14,"minecraft:light_gray_wool":1,"minecraft:chest":1,"minecraft:birch_sapling":2,"minecraft:piston":1,"minecraft:stripped_mangrove_wood":5,"minecraft:spruce_fence":1,"sophisticatedbackpacks:backpack":1,"minecraft:stone_button":1,"minecraft:carrot":3,"minecraft:redstone":3,"minecraft:mangrove_trapdoor":1,"minecraft:tnt":1,"minecraft:arrow":30,"minecraft:beetroot_seeds":4,"minecraft:jungle_stairs":1,"minecraft:stripped_dark_oak_wood":2,"minecraft:mutton":17,"minecraft:white_wool":9,"born_in_chaos_v1:corpse_maggot":3,"born_in_chaos_v1:monster_flesh":4,"minecraft:salmon":15,"minecraft:leather":1,"minecraft:red_mushroom":1,"minecraft:oak_log":23,"simpletomb:grave_key":1,"sanitydim:garland":6,"minecraft:red_carpet":4,"minecraft:iron_ingot":9,"minecraft:stone_pickaxe":4,"minecraft:dark_oak_stairs":1,"minecraft:book":6,"minecraft:dark_oak_slab":4,"born_in_chaos_v1:orbofthe_summoner":1,"born_in_chaos_v1:ethereal_spirit":2,"minecraft:dandelion":11,"minecraft:gravel":2,"minecraft:blast_furnace":1,"minecraft:white_bed":6,"minecraft:stone_axe":1,"minecraft:iron_helmet":1,"knight_quest:kq_great_essence":10,"minecraft:black_wool":1,"minecraft:coal":4},"minecraft:broken":{"sanitydim:garland":4},"minecraft:killed_by":{"midnightlurker:midnight_lurker_backturned":1,"born_in_chaos_v1:bone_imp_minion":1,"sanitydim:rotting_stalker":1,"graveyard:skeleton_creeper":1,"born_in_chaos_v1:supreme_bonescaller_not_despawn":1,"born_in_chaos_v1:supreme_bonescaller_stage_2":3,"minecraft:vex":2,"minecraft:husk":4,"minecraft:player":7,"minecraft:stray":1,"minecraft:spider":1,"minecraft:skeleton":5}},"DataVersion":3120}