{"stats":{"minecraft:picked_up":{"minecraft:wooden_axe":1,"minecraft:iron_chestplate":3,"minecraft:crafting_table":5,"minecraft:allium":6,"minecraft:azure_bluet":1,"minecraft:redstone_block":1,"minecraft:chicken":5,"born_in_chaos_v1:seedof_chaos":4,"moguns:45acp":208,"minecraft:gold_block":2,"minecraft:chain":1,"cgm:long_scope":1,"minecraft:moss_carpet":1,"minecraft:cornflower":4,"minecraft:string":17,"minecraft:oak_trapdoor":2,"minecraft:raw_copper":80,"minecraft:cooked_salmon":2,"minecraft:iron_leggings":2,"minecraft:cobbled_deepslate":15,"minecraft:beef":18,"minecraft:redstone_torch":3,"minecraft:mangrove_log":1,"minecraft:wooden_shovel":1,"minecraft:poppy":8,"minecraft:smooth_quartz":3,"minecraft:light_gray_wool":1,"minecraft:furnace":2,"minecraft:sugar_cane":6,"minecraft:chest":1,"minecraft:birch_sapling":2,"minecraft:egg":3,"minecraft:stick":2,"minecraft:raw_iron":16,"minecraft:sandstone":5,"born_in_chaos_v1:shattered_skull":3,"minecraft:torch":25,"minecraft:porkchop":41,"minecraft:sandstone_wall":1,"minecraft:carrot":10,"born_in_chaos_v1:nightmare_claw":1,"minecraft:diorite":2,"minecraft:redstone":13,"minecraft:golden_chestplate":1,"minecraft:stone_pressure_plate":126,"minecraft:black_dye":1,"minecraft:diamond_chestplate":1,"minecraft:stone_sword":3,"minecraft:arrow":10,"minecraft:rotten_flesh":20,"minecraft:iron_block":2,"slenderman:slender_apple":3,"minecraft:gold_ingot":9,"minecraft:obsidian":2,"minecraft:mutton":6,"minecraft:white_wool":5,"minecraft:cobblestone":176,"born_in_chaos_v1:corpse_maggot":4,"minecraft:feather":4,"minecraft:cooked_beef":5,"minecraft:golden_carrot":3,"minecraft:iron_door":1,"minecraft:andesite":3,"minecraft:salmon":1,"minecraft:leather":14,"minecraft:potato":1,"minecraft:tuff":1,"minecraft:oak_log":35,"minecraft:golden_boots":2,"minecraft:gunpowder":2,"sanitydim:garland":5,"minecraft:dirt":77,"minecraft:lantern":1,"born_in_chaos_v1:staffofthe_summoner":2,"minecraft:name_tag":2,"born_in_chaos_v1:monster_skin":5,"minecraft:red_carpet":5,"minecraft:bone":57,"minecraft:bow":1,"minecraft:stonecutter":2,"minecraft:wheat_seeds":3,"minecraft:iron_ingot":2,"minecraft:stone_pickaxe":1,"moguns:awp":1,"minecraft:mossy_stone_bricks":1,"minecraft:bamboo":5,"minecraft:iron_sword":1,"minecraft:oak_planks":3,"minecraft:book":3,"moguns:762x51":30,"minecraft:dark_oak_slab":1,"minecraft:emerald_block":1,"minecraft:chiseled_stone_bricks":1,"born_in_chaos_v1:orbofthe_summoner":2,"minecraft:quartz":1,"minecraft:dandelion":10,"minecraft:gravel":11,"minecraft:ink_sac":3,"minecraft:white_bed":5,"minecraft:spider_eye":4,"minecraft:mossy_cobblestone":2,"moguns:m1911":2,"graveyard:upper_bone_staff":2,"minecraft:light_gray_concrete":64,"minecraft:dispenser":1,"born_in_chaos_v1:fire_dust":3,"minecraft:diamond":8,"minecraft:soul_lantern":1,"minecraft:iron_helmet":1,"minecraft:granite":14,"knight_quest:kq_great_essence":1,"minecraft:golden_apple":1,"minecraft:oak_sapling":2,"minecraft:coal":88,"cgm:workbench":3},"minecraft:dropped":{"minecraft:bread":1,"moguns:45acp":32,"minecraft:wheat_seeds":2,"minecraft:cooked_porkchop":5,"minecraft:cobblestone":14,"minecraft:iron_helmet":1,"minecraft:book":3,"born_in_chaos_v1:orbofthe_summoner":1,"minecraft:leather":3,"minecraft:stick":6,"minecraft:red_carpet":5,"moguns:m1911":1,"minecraft:cornflower":1,"born_in_chaos_v1:staffofthe_summoner":2,"minecraft:wooden_axe":1,"minecraft:smooth_quartz":3,"minecraft:iron_door":1,"minecraft:iron_leggings":3,"minecraft:stonecutter":1,"minecraft:string":4,"minecraft:white_wool":1,"minecraft:gold_ingot":13,"minecraft:bone":20,"minecraft:gravel":11,"minecraft:stone_sword":1,"minecraft:rotten_flesh":12,"minecraft:cooked_mutton":1,"minecraft:azure_bluet":1,"minecraft:white_bed":1,"minecraft:chiseled_stone_bricks":1,"born_in_chaos_v1:seedof_chaos":2,"minecraft:iron_chestplate":1,"sanitydim:garland":9,"minecraft:mossy_stone_bricks":1,"minecraft:oak_sapling":1,"minecraft:chest":1,"minecraft:redstone_torch":3,"minecraft:stone_pressure_plate":126,"minecraft:sandstone":4,"minecraft:stone_pickaxe":1},"minecraft:crafted":{"minecraft:black_dye":3,"minecraft:oak_planks":140,"minecraft:redstone":9,"minecraft:iron_nugget":81,"minecraft:cooked_chicken":1,"minecraft:furnace":2,"sophisticatedbackpacks:crafting_upgrade":1,"sanitydim:garland":1,"minecraft:cooked_mutton":6,"born_in_chaos_v1:bone_handle":1,"minecraft:iron_axe":1,"minecraft:stone_pickaxe":1,"minecraft:chest":4,"cgm:workbench":1,"sophisticatedbackpacks:iron_backpack":1,"minecraft:cooked_beef":13,"minecraft:wooden_shovel":1,"minecraft:emerald":9,"sophisticatedbackpacks:backpack":1,"minecraft:cooked_porkchop":8,"minecraft:crafting_table":7,"minecraft:wooden_pickaxe":2,"sophisticatedbackpacks:gold_backpack":1,"sophisticatedbackpacks:upgrade_base":1,"minecraft:stone_axe":1,"minecraft:air":0,"born_in_chaos_v1:staffofthe_summoner":1,"minecraft:gold_nugget":27,"sophisticatedbackpacks:diamond_backpack":2,"minecraft:stick":36,"minecraft:iron_pickaxe":1,"minecraft:iron_ingot":34,"minecraft:stone_sword":2,"minecraft:gold_ingot":18,"minecraft:white_bed":1,"minecraft:torch":64},"minecraft:killed_by":{"minecraft:husk":2,"midnightlurker:midnight_lurker_aggressive":1,"minecraft:player":1,"minecraft:wither_skeleton":1,"minecraft:stray":1,"born_in_chaos_v1:bone_imp_minion":1,"sanitydim:rotting_stalker":2,"graveyard:skeleton_creeper":1,"man:managgresive":1,"minecraft:skeleton":3,"born_in_chaos_v1:supreme_bonescaller_not_despawn":1,"the_one_who_watches:toww_running":1,"born_in_chaos_v1:supreme_bonescaller_stage_2":3,"slenderman:slenderman":1,"born_in_chaos_v1:bonescaller_not_despawn":1,"minecraft:vex":3},"minecraft:used":{"minecraft:moss_carpet":1,"minecraft:stone_sword":357,"minecraft:rose_bush":5,"minecraft:poppy":3,"minecraft:chest":2,"minecraft:iron_sword":25,"minecraft:wooden_shovel":10,"minecraft:cooked_salmon":2,"minecraft:cooked_chicken":1,"simpletomb:grave_key":37,"minecraft:torch":80,"minecraft:dirt":8,"cgm:workbench":4,"sanitydim:garland":2,"minecraft:carrot":12,"minecraft:allium":6,"moguns:awp":2,"minecraft:mangrove_log":1,"minecraft:red_tulip":1,"minecraft:lantern":1,"minecraft:iron_axe":69,"minecraft:grass_block":9,"minecraft:furnace":3,"minecraft:potato":1,"minecraft:cooked_beef":17,"moguns:scar_l":173,"moguns:vss_vintorez":35,"minecraft:iron_leggings":1,"minecraft:cooked_mutton":5,"minecraft:water_bucket":1,"minecraft:stone_pickaxe":252,"minecraft:oak_planks":61,"minecraft:wooden_pickaxe":10,"moguns:m1911":88,"minecraft:salmon":1,"minecraft:crafting_table":11,"minecraft:white_bed":5,"minecraft:cornflower":1,"minecraft:chicken":1,"minecraft:iron_pickaxe":208,"born_in_chaos_v1:staffofthe_summoner":30,"minecraft:stone_axe":18,"graveyard:upper_bone_staff":1,"minecraft:cobblestone":63,"minecraft:cooked_porkchop":12},"minecraft:broken":{"minecraft:stone_sword":2,"sanitydim:garland":7,"minecraft:stone_pickaxe":1},"minecraft:killed":{"minecraft:spider":7,"minecraft:phantom":2,"born_in_chaos_v1:baby_skeleton_minion":3,"born_in_chaos_v1:maggot":3,"minecraft:skeleton":6,"minecraft:chicken":3,"minecraft:silverfish":29,"born_in_chaos_v1:corpse_fish":1,"born_in_chaos_v1:firelight_not_despawn":1,"born_in_chaos_v1:barrel_zombie":1,"minecraft:husk":4,"minecraft:pig":11,"graveyard:ghoul":1,"born_in_chaos_v1:bone_imp_minion":2,"born_in_chaos_v1:wither_scuttler":1,"minecraft:hoglin":6,"minecraft:creeper":1,"minecraft:squid":1,"born_in_chaos_v1:decrepit_skeleton":1,"minecraft:sheep":4,"minecraft:zombie":5,"born_in_chaos_v1:dark_vortex":1,"born_in_chaos_v1:nightmare_stalker":1,"born_in_chaos_v1:corpse_fly":3,"minecraft:stray":2,"minecraft:wither_skeleton":8,"minecraft:cow":10},"minecraft:custom":{"minecraft:mob_kills":128,"minecraft:open_barrel":13,"minecraft:interact_with_crafting_table":48,"minecraft:damage_dealt_resisted":1399,"minecraft:leave_game":7,"minecraft:time_since_death":46117,"minecraft:climb_one_cm":6731,"minecraft:sprint_one_cm":493799,"minecraft:walk_one_cm":1031649,"minecraft:drop":67,"minecraft:play_noteblock":14,"minecraft:play_time":271159,"minecraft:deaths":25,"minecraft:sneak_time":14925,"minecraft:walk_under_water_one_cm":18933,"minecraft:jump":2576,"minecraft:walk_on_water_one_cm":20386,"minecraft:total_world_time":271159,"minecraft:interact_with_furnace":63,"minecraft:sleep_in_bed":5,"minecraft:time_since_rest":25091,"minecraft:damage_taken":10034,"minecraft:trigger_trapped_chest":3,"minecraft:damage_dealt":14112,"minecraft:player_kills":1,"minecraft:swim_one_cm":25570,"minecraft:fly_one_cm":461040,"minecraft:open_chest":49,"minecraft:crouch_one_cm":36008,"minecraft:fall_one_cm":63984,"minecraft:horse_one_cm":32777},"minecraft:mined":{"minecraft:tuff":2,"minecraft:stone_pressure_plate":34,"minecraft:white_bed":5,"minecraft:mossy_cobblestone":5,"minecraft:granite":16,"minecraft:allium":6,"minecraft:grass_block":4,"minecraft:infested_cobblestone":4,"minecraft:redstone_wire":7,"minecraft:sandstone":3,"minecraft:chiseled_stone_bricks":1,"cgm:workbench":3,"minecraft:spawner":3,"minecraft:packed_mud":1,"minecraft:furnace":2,"minecraft:iron_ore":8,"minecraft:fire":1,"minecraft:andesite":3,"graveyard:upper_bone_staff":2,"minecraft:gold_block":2,"minecraft:bookshelf":1,"minecraft:deepslate_iron_ore":8,"minecraft:lantern":1,"minecraft:light_gray_concrete":65,"minecraft:bamboo":1,"minecraft:stone":184,"minecraft:iron_block":2,"minecraft:redstone_block":1,"minecraft:dandelion":10,"minecraft:chiseled_quartz_block":1,"minecraft:crafting_table":5,"minecraft:torch":7,"minecraft:poppy":7,"minecraft:copper_ore":24,"minecraft:tall_grass":3,"minecraft:cobblestone":3,"minecraft:sugar_cane":2,"minecraft:oak_planks":3,"minecraft:diorite":4,"minecraft:wall_torch":5,"minecraft:dark_oak_slab":1,"minecraft:birch_leaves":1,"minecraft:grass":7,"minecraft:oak_log":36,"minecraft:coal_ore":64,"minecraft:dirt":26,"minecraft:cobweb":5,"minecraft:stonecutter":2,"minecraft:stone_bricks":1,"minecraft:oak_leaves":7,"minecraft:deepslate":17,"minecraft:emerald_block":1,"minecraft:fern":1}},"DataVersion":3120}