{"stats":{"minecraft:custom":{"minecraft:interact_with_crafting_table":61,"minecraft:open_barrel":18,"minecraft:leave_game":16,"minecraft:time_since_death":5810,"minecraft:sprint_one_cm":927478,"minecraft:drop":98,"minecraft:play_noteblock":14,"minecraft:play_time":456515,"minecraft:deaths":30,"minecraft:jump":4897,"minecraft:interact_with_brewingstand":1,"minecraft:walk_on_water_one_cm":39535,"minecraft:interact_with_furnace":64,"minecraft:sleep_in_bed":8,"minecraft:damage_dealt":18321,"minecraft:player_kills":3,"minecraft:crouch_one_cm":42009,"minecraft:horse_one_cm":41952,"minecraft:interact_with_anvil":2,"minecraft:mob_kills":197,"minecraft:damage_dealt_resisted":2124,"minecraft:climb_one_cm":15177,"minecraft:walk_one_cm":1605639,"minecraft:sneak_time":20830,"minecraft:walk_under_water_one_cm":21880,"minecraft:interact_with_blast_furnace":12,"minecraft:total_world_time":456515,"minecraft:time_since_rest":5834,"minecraft:damage_taken":13191,"minecraft:trigger_trapped_chest":3,"minecraft:swim_one_cm":50104,"minecraft:fly_one_cm":1380650,"minecraft:open_chest":68,"minecraft:fall_one_cm":122970},"minecraft:killed":{"born_in_chaos_v1:mr_pumpkin":3,"graveyard:skeleton_creeper":1,"minecraft:spider":11,"born_in_chaos_v1:baby_skeleton_minion":3,"minecraft:skeleton":13,"minecraft:chicken":4,"minecraft:silverfish":29,"born_in_chaos_v1:firelight_not_despawn":1,"minecraft:pig":16,"born_in_chaos_v1:wither_scuttler":1,"minecraft:creeper":3,"minecraft:sheep":7,"kevin_trophy:blister_zombie":1,"minecraft:pillager":7,"minecraft:zombie":21,"born_in_chaos_v1:dread_hound":1,"born_in_chaos_v1:corpse_fly":3,"minecraft:stray":2,"minecraft:cow":13,"minecraft:endermite":1,"minecraft:phantom":2,"born_in_chaos_v1:maggot":3,"born_in_chaos_v1:corpse_fish":1,"born_in_chaos_v1:barrel_zombie":2,"born_in_chaos_v1:fallen_chaos_knight":1,"minecraft:husk":6,"graveyard:ghoul":1,"born_in_chaos_v1:bone_imp_minion":2,"minecraft:hoglin":6,"minecraft:squid":1,"born_in_chaos_v1:decrepit_skeleton":1,"born_in_chaos_v1:dark_vortex":1,"gamingchairs2:mecedoramorada":2,"born_in_chaos_v1:nightmare_stalker":1,"minecraft:wither_skeleton":8},"minecraft:crafted":{"minecraft:black_dye":3,"minecraft:oak_planks":140,"minecraft:cooked_chicken":1,"sophisticatedbackpacks:crafting_upgrade":1,"minecraft:cooked_mutton":6,"minecraft:chest":5,"minecraft:wooden_shovel":1,"sophisticatedbackpacks:backpack":2,"minecraft:emerald":9,"minecraft:cooked_porkchop":8,"minecraft:crafting_table":8,"minecraft:wooden_pickaxe":2,"minecraft:copper_ingot":65,"sophisticatedbackpacks:upgrade_base":1,"born_in_chaos_v1:staffofthe_summoner":1,"sophisticatedbackpacks:diamond_backpack":2,"minecraft:stick":36,"minecraft:iron_pickaxe":1,"minecraft:iron_ingot":34,"minecraft:stone_sword":2,"minecraft:gold_ingot":18,"minecraft:shears":1,"minecraft:redstone":9,"knight_quest:kq_small_essence":4,"minecraft:iron_nugget":81,"knight_quest:kq_diamon_repair":16,"minecraft:furnace":2,"sanitydim:garland":2,"born_in_chaos_v1:bone_handle":3,"minecraft:iron_axe":1,"minecraft:stone_pickaxe":1,"cgm:workbench":1,"sophisticatedbackpacks:iron_backpack":1,"minecraft:cooked_beef":13,"sophisticatedbackpacks:gold_backpack":1,"minecraft:stone_axe":1,"knight_quest:kq_tablet_item_one":1,"minecraft:air":0,"minecraft:gold_nugget":27,"minecraft:white_bed":1,"minecraft:torch":64,"born_in_chaos_v1:staffof_magic_arrows":2},"minecraft:used":{"minecraft:moss_carpet":1,"minecraft:poppy":3,"minecraft:chest":2,"minecraft:iron_sword":84,"sanitydim:garland":2,"minecraft:carrot":12,"minecraft:allium":6,"born_in_chaos_v1:soul_cutlass":38,"moguns:awp":26,"minecraft:mangrove_log":1,"minecraft:lantern":1,"minecraft:grass_block":9,"born_in_chaos_v1:fel_lamp":1,"butchercraft:pork_tenderloin":2,"minecraft:furnace":3,"minecraft:potato":1,"cgm:heavy_rifle":78,"moguns:scar_l":173,"minecraft:stone_pickaxe":252,"minecraft:oak_planks":61,"minecraft:wooden_pickaxe":10,"moguns:m1911":184,"minecraft:blast_furnace":1,"graveyard:upper_bone_staff":1,"minecraft:golden_pickaxe":5,"minecraft:rose_bush":5,"minecraft:stone_sword":357,"minecraft:wooden_shovel":10,"minecraft:cooked_salmon":2,"minecraft:cooked_chicken":1,"simpletomb:grave_key":47,"minecraft:torch":84,"minecraft:dirt":30,"minecraft:anvil":1,"cgm:workbench":4,"minecraft:red_tulip":1,"minecraft:iron_axe":78,"minecraft:diamond_chestplate":1,"minecraft:cooked_beef":26,"minecraft:iron_leggings":1,"moguns:vss_vintorez":35,"minecraft:cooked_mutton":5,"minecraft:water_bucket":1,"minecraft:salmon":1,"minecraft:crafting_table":12,"minecraft:white_bed":5,"minecraft:cornflower":1,"minecraft:chicken":1,"minecraft:iron_pickaxe":209,"born_in_chaos_v1:staffofthe_summoner":30,"minecraft:stone_axe":18,"minecraft:cobblestone":63,"minecraft:cooked_porkchop":32},"minecraft:mined":{"minecraft:stone_pressure_plate":34,"minecraft:white_bed":5,"minecraft:mossy_stone_brick_slab":2,"minecraft:granite":16,"minecraft:grass_block":4,"minecraft:infested_cobblestone":4,"minecraft:chiseled_stone_bricks":1,"minecraft:spawner":4,"minecraft:iron_ore":8,"minecraft:fire":1,"graveyard:upper_bone_staff":2,"minecraft:light_gray_concrete":65,"minecraft:iron_block":2,"minecraft:chiseled_quartz_block":1,"minecraft:torch":7,"minecraft:blast_furnace":1,"minecraft:poppy":10,"minecraft:cobblestone":3,"minecraft:sugar_cane":2,"minecraft:oak_planks":3,"minecraft:wall_torch":5,"graveyard:oak_coffin":1,"minecraft:dark_oak_slab":1,"minecraft:grass":19,"minecraft:oak_log":36,"minecraft:dirt":28,"minecraft:stonecutter":2,"minecraft:oak_leaves":7,"minecraft:deepslate":17,"minecraft:emerald_block":1,"minecraft:tuff":2,"minecraft:mossy_cobblestone":5,"minecraft:allium":15,"minecraft:redstone_wire":7,"minecraft:polished_andesite_slab":2,"minecraft:sandstone":3,"cgm:workbench":3,"minecraft:large_fern":1,"minecraft:furnace":2,"minecraft:packed_mud":1,"minecraft:andesite":3,"minecraft:gold_block":2,"minecraft:bookshelf":1,"minecraft:deepslate_iron_ore":8,"minecraft:lantern":1,"minecraft:bamboo":1,"minecraft:stone":184,"minecraft:redstone_block":1,"minecraft:dandelion":15,"minecraft:crafting_table":6,"minecraft:tall_grass":9,"minecraft:copper_ore":24,"minecraft:diorite":4,"minecraft:birch_leaves":1,"minecraft:coal_ore":64,"minecraft:cobweb":7,"minecraft:stone_bricks":1,"minecraft:fern":1},"minecraft:dropped":{"minecraft:iron_sword":1,"minecraft:cooked_porkchop":5,"minecraft:leather":4,"graveyard:corruption":1,"minecraft:red_carpet":5,"minecraft:dirt":3,"knight_quest:kq_diamon_repair":2,"minecraft:cornflower":1,"born_in_chaos_v1:fel_lamp":1,"minecraft:white_wool":1,"minecraft:gold_ingot":13,"minecraft:bone":20,"minecraft:gravel":11,"minecraft:rotten_flesh":13,"minecraft:cooked_mutton":1,"minecraft:azure_bluet":1,"minecraft:white_bed":1,"minecraft:chiseled_stone_bricks":1,"butchercraft:liver":1,"born_in_chaos_v1:seedof_chaos":2,"minecraft:chest":1,"cgm:heavy_rifle":3,"minecraft:iron_ingot":16,"minecraft:bread":10,"moguns:45acp":32,"minecraft:wheat_seeds":2,"minecraft:iron_helmet":1,"minecraft:cobblestone":14,"minecraft:book":3,"born_in_chaos_v1:orbofthe_summoner":1,"minecraft:stick":6,"moguns:m1911":1,"farmersdelight:golden_knife":1,"born_in_chaos_v1:staffofthe_summoner":2,"minecraft:wooden_axe":1,"minecraft:smooth_quartz":3,"minecraft:iron_door":1,"minecraft:iron_leggings":3,"minecraft:stonecutter":1,"born_in_chaos_v1:staffof_magic_arrows":1,"minecraft:string":8,"cgm:advanced_bullet":117,"minecraft:stone_sword":1,"born_in_chaos_v1:rotten_fish":1,"sophisticatedbackpacks:backpack":1,"minecraft:cobbled_deepslate_slab":8,"minecraft:flower_pot":1,"minecraft:iron_chestplate":1,"sanitydim:garland":9,"minecraft:mossy_stone_bricks":1,"minecraft:oak_sapling":1,"minecraft:redstone_torch":3,"minecraft:stone_pressure_plate":126,"butchercraft:heart":1,"minecraft:sandstone":4,"minecraft:stone_pickaxe":1,"minecraft:black_wool":1},"minecraft:picked_up":{"minecraft:wooden_axe":1,"minecraft:iron_chestplate":3,"minecraft:redstone_block":1,"gamingchairs2:mecedoraconcoginmorado":2,"minecraft:string":21,"minecraft:raw_copper":80,"minecraft:cooked_salmon":2,"cgm:long_scope":1,"minecraft:iron_leggings":2,"minecraft:cobbled_deepslate":15,"minecraft:redstone_torch":3,"minecraft:wooden_shovel":1,"minecraft:smooth_quartz":3,"cgm:advanced_bullet":213,"minecraft:mangrove_log":1,"minecraft:furnace":2,"minecraft:stick":2,"born_in_chaos_v1:shattered_skull":3,"minecraft:torch":25,"minecraft:porkchop":52,"minecraft:sandstone_wall":1,"minecraft:diorite":2,"born_in_chaos_v1:nightmare_claw":1,"minecraft:golden_chestplate":1,"minecraft:goat_horn":1,"minecraft:black_dye":1,"minecraft:stone_sword":3,"minecraft:rotten_flesh":27,"minecraft:iron_block":2,"slenderman:slender_apple":3,"minecraft:obsidian":2,"butchercraft:pork_tenderloin":2,"minecraft:cobblestone":176,"minecraft:feather":4,"minecraft:cooked_beef":15,"minecraft:iron_door":1,"minecraft:andesite":3,"minecraft:potato":1,"minecraft:tuff":1,"cgm:heavy_rifle":3,"minecraft:dirt":119,"minecraft:lantern":1,"born_in_chaos_v1:staffofthe_summoner":2,"born_in_chaos_v1:monster_skin":5,"minecraft:name_tag":2,"minecraft:bone":64,"minecraft:stonecutter":2,"minecraft:bow":1,"minecraft:wheat_seeds":3,"minecraft:cobbled_deepslate_slab":8,"moguns:awp":1,"minecraft:mossy_stone_bricks":1,"minecraft:bamboo":5,"minecraft:oak_planks":19,"butchercraft:heart":1,"minecraft:ink_sac":3,"minecraft:fermented_spider_eye":1,"minecraft:mossy_cobblestone":2,"moguns:m1911":2,"graveyard:upper_bone_staff":2,"minecraft:light_gray_concrete":64,"minecraft:dispenser":1,"born_in_chaos_v1:fire_dust":3,"minecraft:diamond":10,"minecraft:soul_lantern":1,"minecraft:granite":14,"minecraft:golden_apple":1,"born_in_chaos_v1:rotten_fish":1,"minecraft:oak_sapling":2,"minecraft:crafting_table":6,"born_in_chaos_v1:diamond_termite_shard":4,"minecraft:allium":24,"minecraft:azure_bluet":1,"minecraft:chicken":5,"butchercraft:cubed_beef":9,"born_in_chaos_v1:seedof_chaos":6,"moguns:45acp":208,"minecraft:gold_block":2,"minecraft:chain":1,"minecraft:cornflower":4,"minecraft:oak_trapdoor":2,"minecraft:moss_carpet":1,"graveyard:corruption":1,"minecraft:beef":26,"minecraft:poppy":11,"minecraft:light_gray_wool":1,"minecraft:chest":1,"minecraft:sugar_cane":6,"minecraft:birch_sapling":2,"minecraft:egg":5,"minecraft:raw_iron":16,"minecraft:sandstone":5,"born_in_chaos_v1:pieceofdarkmetal":1,"minecraft:carrot":10,"minecraft:redstone":13,"minecraft:stone_pressure_plate":126,"minecraft:arrow":16,"minecraft:diamond_chestplate":1,"minecraft:gold_ingot":9,"minecraft:mutton":7,"minecraft:white_wool":6,"born_in_chaos_v1:corpse_maggot":4,"minecraft:golden_carrot":3,"minecraft:salmon":1,"minecraft:leather":17,"minecraft:birch_planks":6,"minecraft:oak_log":35,"minecraft:golden_boots":2,"minecraft:gunpowder":3,"sanitydim:garland":5,"minecraft:red_carpet":5,"born_in_chaos_v1:soul_cutlass":1,"minecraft:iron_ingot":2,"minecraft:stone_pickaxe":1,"butchercraft:liver":1,"born_in_chaos_v1:fel_lamp":1,"minecraft:polished_andesite_slab":1,"minecraft:iron_sword":2,"minecraft:book":9,"moguns:762x51":30,"minecraft:dark_oak_slab":2,"minecraft:emerald_block":1,"minecraft:chiseled_stone_bricks":1,"born_in_chaos_v1:orbofthe_summoner":2,"minecraft:quartz":1,"minecraft:dandelion":15,"minecraft:gravel":11,"minecraft:blast_furnace":1,"minecraft:white_bed":5,"minecraft:mossy_stone_brick_slab":1,"minecraft:spider_eye":5,"minecraft:iron_helmet":1,"knight_quest:kq_great_essence":3,"cgm:workbench":3,"minecraft:coal":88},"minecraft:broken":{"minecraft:golden_boots":1,"sanitydim:garland":10,"minecraft:stone_pickaxe":1,"minecraft:stone_sword":2},"minecraft:killed_by":{"midnightlurker:midnight_lurker_aggressive":1,"minecraft:wither_skeleton":1,"born_in_chaos_v1:bone_imp_minion":1,"sanitydim:rotting_stalker":3,"graveyard:skeleton_creeper":1,"man:managgresive":2,"sanitydim:sneaking_terror":2,"born_in_chaos_v1:supreme_bonescaller_not_despawn":1,"the_one_who_watches:toww_running":1,"born_in_chaos_v1:supreme_bonescaller_stage_2":3,"slenderman:slenderman":1,"born_in_chaos_v1:bonescaller_not_despawn":1,"minecraft:vex":3,"minecraft:husk":2,"minecraft:player":2,"minecraft:stray":1,"minecraft:skeleton":3}},"DataVersion":3120}