{"stats":{"minecraft:dropped":{"minecraft:book":3,"born_in_chaos_v1:orbofthe_summoner":1,"minecraft:red_carpet":1,"minecraft:cornflower":1,"born_in_chaos_v1:staffofthe_summoner":2,"minecraft:wooden_axe":1,"minecraft:stone_sword":1,"minecraft:rotten_flesh":12,"minecraft:cooked_mutton":1,"minecraft:azure_bluet":1,"born_in_chaos_v1:seedof_chaos":2,"sanitydim:garland":9,"minecraft:oak_sapling":1,"minecraft:stone_pickaxe":1},"minecraft:killed":{"minecraft:spider":4,"born_in_chaos_v1:baby_skeleton_minion":3,"born_in_chaos_v1:maggot":2,"minecraft:chicken":3,"minecraft:pig":9,"born_in_chaos_v1:bone_imp_minion":2,"minecraft:creeper":1,"born_in_chaos_v1:decrepit_skeleton":1,"minecraft:sheep":4,"born_in_chaos_v1:corpse_fly":2,"minecraft:stray":2,"minecraft:cow":7},"minecraft:used":{"minecraft:rose_bush":5,"minecraft:stone_sword":130,"minecraft:poppy":3,"minecraft:chest":2,"minecraft:wooden_shovel":10,"minecraft:cooked_salmon":2,"simpletomb:grave_key":17,"minecraft:torch":42,"minecraft:dirt":4,"sanitydim:garland":2,"minecraft:allium":6,"minecraft:red_tulip":1,"minecraft:iron_axe":30,"minecraft:grass_block":9,"minecraft:furnace":1,"minecraft:cooked_beef":3,"minecraft:iron_leggings":1,"minecraft:cooked_mutton":1,"minecraft:stone_pickaxe":252,"minecraft:oak_planks":10,"minecraft:wooden_pickaxe":10,"minecraft:salmon":1,"minecraft:crafting_table":3,"minecraft:cornflower":1,"minecraft:iron_pickaxe":34,"born_in_chaos_v1:staffofthe_summoner":1,"minecraft:stone_axe":18,"minecraft:cobblestone":17},"minecraft:broken":{"minecraft:stone_sword":1,"sanitydim:garland":3,"minecraft:stone_pickaxe":1},"minecraft:custom":{"minecraft:mob_kills":43,"minecraft:interact_with_crafting_table":26,"minecraft:damage_dealt_resisted":1391,"minecraft:leave_game":3,"minecraft:time_since_death":13715,"minecraft:climb_one_cm":243,"minecraft:sprint_one_cm":203669,"minecraft:walk_one_cm":424532,"minecraft:drop":26,"minecraft:play_time":99518,"minecraft:deaths":12,"minecraft:sneak_time":3855,"minecraft:walk_under_water_one_cm":2281,"minecraft:jump":922,"minecraft:walk_on_water_one_cm":4828,"minecraft:total_world_time":99518,"minecraft:interact_with_furnace":33,"minecraft:time_since_rest":13748,"minecraft:damage_taken":3379,"minecraft:damage_dealt":5249,"minecraft:fly_one_cm":105177,"minecraft:swim_one_cm":2668,"minecraft:open_chest":16,"minecraft:crouch_one_cm":6325,"minecraft:fall_one_cm":9349},"minecraft:killed_by":{"minecraft:player":1,"minecraft:stray":1,"born_in_chaos_v1:bone_imp_minion":1,"minecraft:skeleton":1,"born_in_chaos_v1:supreme_bonescaller_not_despawn":1,"born_in_chaos_v1:supreme_bonescaller_stage_2":3,"born_in_chaos_v1:bonescaller_not_despawn":1,"minecraft:vex":3},"minecraft:picked_up":{"minecraft:wooden_axe":1,"minecraft:crafting_table":2,"minecraft:azure_bluet":1,"minecraft:chicken":5,"born_in_chaos_v1:seedof_chaos":4,"minecraft:cornflower":3,"minecraft:string":7,"minecraft:oak_trapdoor":2,"minecraft:raw_copper":64,"minecraft:cooked_salmon":2,"minecraft:iron_leggings":1,"minecraft:cobbled_deepslate":15,"minecraft:beef":13,"minecraft:poppy":2,"minecraft:light_gray_wool":1,"minecraft:sugar_cane":6,"minecraft:birch_sapling":2,"minecraft:furnace":1,"minecraft:egg":2,"minecraft:stick":2,"minecraft:raw_iron":12,"born_in_chaos_v1:shattered_skull":3,"minecraft:torch":11,"minecraft:porkchop":19,"minecraft:diorite":2,"minecraft:stone_sword":2,"minecraft:arrow":2,"minecraft:rotten_flesh":12,"minecraft:iron_block":2,"minecraft:gold_ingot":4,"minecraft:mutton":6,"minecraft:white_wool":4,"minecraft:cobblestone":163,"born_in_chaos_v1:corpse_maggot":4,"minecraft:feather":3,"minecraft:andesite":3,"minecraft:salmon":1,"minecraft:leather":4,"minecraft:tuff":1,"minecraft:oak_log":24,"sanitydim:garland":4,"minecraft:dirt":30,"born_in_chaos_v1:staffofthe_summoner":2,"minecraft:red_carpet":1,"minecraft:bone":11,"minecraft:stone_pickaxe":1,"minecraft:oak_planks":2,"minecraft:book":3,"minecraft:dark_oak_slab":1,"born_in_chaos_v1:orbofthe_summoner":2,"minecraft:spider_eye":4,"minecraft:granite":14,"minecraft:oak_sapling":1,"minecraft:coal":59},"minecraft:mined":{"minecraft:tuff":2,"minecraft:granite":16,"minecraft:grass_block":3,"minecraft:spawner":1,"minecraft:furnace":1,"minecraft:iron_ore":4,"minecraft:fire":1,"minecraft:andesite":3,"minecraft:bookshelf":1,"minecraft:deepslate_iron_ore":8,"minecraft:stone":173,"minecraft:iron_block":2,"minecraft:crafting_table":2,"minecraft:torch":6,"minecraft:poppy":1,"minecraft:copper_ore":19,"minecraft:tall_grass":2,"minecraft:cobblestone":3,"minecraft:oak_planks":2,"minecraft:sugar_cane":2,"minecraft:diorite":4,"minecraft:wall_torch":5,"minecraft:dark_oak_slab":1,"minecraft:grass":2,"minecraft:oak_log":25,"minecraft:coal_ore":39,"minecraft:dirt":15,"minecraft:cobweb":3,"minecraft:oak_leaves":4,"minecraft:deepslate":17},"minecraft:crafted":{"minecraft:oak_planks":96,"minecraft:cooked_chicken":1,"minecraft:furnace":1,"minecraft:cooked_mutton":6,"born_in_chaos_v1:bone_handle":1,"minecraft:iron_axe":1,"minecraft:stone_pickaxe":1,"minecraft:chest":3,"minecraft:cooked_beef":6,"minecraft:wooden_shovel":1,"sophisticatedbackpacks:backpack":1,"minecraft:cooked_porkchop":6,"minecraft:crafting_table":2,"minecraft:wooden_pickaxe":2,"minecraft:stone_axe":1,"minecraft:air":0,"born_in_chaos_v1:staffofthe_summoner":1,"minecraft:stick":32,"minecraft:iron_ingot":30,"minecraft:iron_pickaxe":1,"minecraft:stone_sword":1,"minecraft:white_bed":1,"minecraft:torch":64}},"DataVersion":3120}