{"stats":{"minecraft:mined":{"minecraft:tuff":2,"minecraft:stone_pressure_plate":34,"minecraft:white_bed":1,"minecraft:mossy_cobblestone":5,"minecraft:granite":16,"minecraft:allium":6,"minecraft:grass_block":3,"minecraft:infested_cobblestone":4,"minecraft:redstone_wire":7,"minecraft:chiseled_stone_bricks":1,"cgm:workbench":1,"minecraft:spawner":1,"minecraft:furnace":1,"minecraft:iron_ore":4,"minecraft:fire":1,"minecraft:andesite":3,"minecraft:bookshelf":1,"minecraft:deepslate_iron_ore":8,"minecraft:light_gray_concrete":65,"minecraft:bamboo":1,"minecraft:stone":173,"minecraft:iron_block":2,"minecraft:redstone_block":1,"minecraft:chiseled_quartz_block":1,"minecraft:crafting_table":3,"minecraft:torch":6,"minecraft:poppy":7,"minecraft:copper_ore":24,"minecraft:tall_grass":2,"minecraft:cobblestone":3,"minecraft:sugar_cane":2,"minecraft:oak_planks":3,"minecraft:diorite":4,"minecraft:wall_torch":5,"minecraft:dark_oak_slab":1,"minecraft:grass":4,"minecraft:oak_log":25,"minecraft:coal_ore":39,"minecraft:dirt":22,"minecraft:cobweb":5,"minecraft:stonecutter":1,"minecraft:stone_bricks":1,"minecraft:oak_leaves":4,"minecraft:deepslate":17,"minecraft:emerald_block":1},"minecraft:killed_by":{"minecraft:player":1,"minecraft:stray":1,"born_in_chaos_v1:bone_imp_minion":1,"minecraft:skeleton":3,"born_in_chaos_v1:supreme_bonescaller_not_despawn":1,"born_in_chaos_v1:supreme_bonescaller_stage_2":3,"born_in_chaos_v1:bonescaller_not_despawn":1,"minecraft:vex":3},"minecraft:custom":{"minecraft:mob_kills":81,"minecraft:interact_with_crafting_table":34,"minecraft:damage_dealt_resisted":1399,"minecraft:leave_game":5,"minecraft:time_since_death":26533,"minecraft:climb_one_cm":1618,"minecraft:sprint_one_cm":334454,"minecraft:walk_one_cm":654759,"minecraft:drop":48,"minecraft:play_noteblock":14,"minecraft:play_time":162096,"minecraft:deaths":14,"minecraft:sneak_time":9641,"minecraft:walk_under_water_one_cm":5997,"minecraft:jump":1486,"minecraft:walk_on_water_one_cm":9759,"minecraft:total_world_time":162096,"minecraft:interact_with_furnace":43,"minecraft:sleep_in_bed":1,"minecraft:time_since_rest":6451,"minecraft:damage_taken":4912,"minecraft:trigger_trapped_chest":3,"minecraft:damage_dealt":11062,"minecraft:swim_one_cm":4752,"minecraft:fly_one_cm":217388,"minecraft:open_chest":33,"minecraft:crouch_one_cm":20581,"minecraft:fall_one_cm":20712},"minecraft:used":{"minecraft:stone_sword":310,"minecraft:rose_bush":5,"minecraft:poppy":3,"minecraft:chest":2,"minecraft:wooden_shovel":10,"minecraft:cooked_salmon":2,"minecraft:cooked_chicken":1,"simpletomb:grave_key":18,"minecraft:torch":76,"minecraft:dirt":4,"cgm:workbench":2,"sanitydim:garland":2,"minecraft:allium":6,"minecraft:red_tulip":1,"minecraft:iron_axe":53,"minecraft:grass_block":9,"minecraft:furnace":1,"minecraft:cooked_beef":5,"minecraft:iron_leggings":1,"minecraft:cooked_mutton":5,"minecraft:stone_pickaxe":252,"minecraft:oak_planks":31,"minecraft:wooden_pickaxe":10,"moguns:m1911":1,"minecraft:salmon":1,"minecraft:crafting_table":7,"minecraft:white_bed":1,"minecraft:cornflower":1,"minecraft:iron_pickaxe":154,"born_in_chaos_v1:staffofthe_summoner":21,"minecraft:stone_axe":18,"minecraft:cobblestone":60,"minecraft:cooked_porkchop":8},"minecraft:dropped":{"moguns:45acp":32,"minecraft:iron_helmet":1,"minecraft:book":3,"born_in_chaos_v1:orbofthe_summoner":1,"minecraft:leather":3,"minecraft:red_carpet":5,"moguns:m1911":1,"minecraft:cornflower":1,"born_in_chaos_v1:staffofthe_summoner":2,"minecraft:wooden_axe":1,"minecraft:smooth_quartz":3,"minecraft:iron_door":1,"minecraft:iron_leggings":2,"minecraft:white_wool":1,"minecraft:gold_ingot":13,"minecraft:bone":18,"minecraft:gravel":11,"minecraft:stone_sword":1,"minecraft:rotten_flesh":12,"minecraft:cooked_mutton":1,"minecraft:azure_bluet":1,"minecraft:chiseled_stone_bricks":1,"born_in_chaos_v1:seedof_chaos":2,"sanitydim:garland":9,"minecraft:mossy_stone_bricks":1,"minecraft:oak_sapling":1,"minecraft:chest":1,"minecraft:stone_pressure_plate":126,"minecraft:stone_pickaxe":1},"minecraft:picked_up":{"minecraft:wooden_axe":1,"minecraft:crafting_table":3,"minecraft:iron_chestplate":2,"minecraft:allium":6,"minecraft:azure_bluet":1,"minecraft:redstone_block":1,"minecraft:chicken":5,"born_in_chaos_v1:seedof_chaos":4,"moguns:45acp":40,"minecraft:chain":1,"minecraft:cornflower":4,"minecraft:string":9,"minecraft:oak_trapdoor":2,"minecraft:raw_copper":80,"minecraft:cooked_salmon":2,"minecraft:iron_leggings":1,"minecraft:cobbled_deepslate":15,"minecraft:beef":13,"minecraft:poppy":8,"minecraft:smooth_quartz":3,"minecraft:light_gray_wool":1,"minecraft:furnace":1,"minecraft:sugar_cane":6,"minecraft:chest":1,"minecraft:birch_sapling":2,"minecraft:egg":2,"minecraft:stick":2,"minecraft:raw_iron":12,"born_in_chaos_v1:shattered_skull":3,"minecraft:torch":22,"minecraft:porkchop":24,"minecraft:sandstone_wall":1,"minecraft:diorite":2,"minecraft:redstone":13,"minecraft:stone_pressure_plate":126,"minecraft:stone_sword":3,"minecraft:arrow":4,"minecraft:rotten_flesh":12,"minecraft:iron_block":2,"minecraft:gold_ingot":9,"minecraft:mutton":6,"minecraft:white_wool":5,"minecraft:cobblestone":164,"born_in_chaos_v1:corpse_maggot":4,"minecraft:feather":3,"minecraft:iron_door":1,"minecraft:andesite":3,"minecraft:salmon":1,"minecraft:leather":4,"minecraft:tuff":1,"minecraft:oak_log":24,"sanitydim:garland":4,"minecraft:dirt":31,"born_in_chaos_v1:staffofthe_summoner":2,"minecraft:red_carpet":5,"minecraft:bone":38,"minecraft:stonecutter":1,"minecraft:iron_ingot":2,"minecraft:stone_pickaxe":1,"minecraft:mossy_stone_bricks":1,"minecraft:bamboo":5,"minecraft:oak_planks":3,"minecraft:book":3,"minecraft:dark_oak_slab":1,"minecraft:emerald_block":1,"minecraft:chiseled_stone_bricks":1,"born_in_chaos_v1:orbofthe_summoner":2,"minecraft:quartz":1,"minecraft:gravel":11,"minecraft:white_bed":1,"minecraft:mossy_cobblestone":2,"minecraft:spider_eye":4,"moguns:m1911":1,"minecraft:light_gray_concrete":64,"minecraft:dispenser":1,"minecraft:iron_helmet":1,"minecraft:granite":14,"minecraft:oak_sapling":1,"minecraft:coal":63,"cgm:workbench":1},"minecraft:broken":{"minecraft:stone_sword":2,"sanitydim:garland":5,"minecraft:stone_pickaxe":1},"minecraft:killed":{"minecraft:spider":4,"born_in_chaos_v1:baby_skeleton_minion":3,"born_in_chaos_v1:maggot":2,"minecraft:skeleton":1,"minecraft:chicken":3,"minecraft:silverfish":29,"minecraft:pig":11,"born_in_chaos_v1:bone_imp_minion":2,"minecraft:creeper":1,"born_in_chaos_v1:decrepit_skeleton":1,"minecraft:sheep":4,"born_in_chaos_v1:corpse_fly":2,"minecraft:stray":2,"minecraft:cow":7},"minecraft:crafted":{"minecraft:oak_planks":96,"minecraft:redstone":9,"minecraft:iron_nugget":18,"minecraft:cooked_chicken":1,"minecraft:furnace":1,"minecraft:cooked_mutton":6,"born_in_chaos_v1:bone_handle":1,"minecraft:iron_axe":1,"minecraft:stone_pickaxe":1,"minecraft:chest":3,"cgm:workbench":1,"sophisticatedbackpacks:iron_backpack":1,"minecraft:cooked_beef":6,"minecraft:wooden_shovel":1,"minecraft:emerald":9,"sophisticatedbackpacks:backpack":1,"minecraft:cooked_porkchop":8,"minecraft:crafting_table":4,"minecraft:wooden_pickaxe":2,"sophisticatedbackpacks:gold_backpack":1,"minecraft:stone_axe":1,"minecraft:air":0,"born_in_chaos_v1:staffofthe_summoner":1,"minecraft:stick":36,"minecraft:iron_ingot":30,"minecraft:iron_pickaxe":1,"minecraft:stone_sword":2,"minecraft:white_bed":1,"minecraft:torch":64}},"DataVersion":3120}