{"stats":{"minecraft:mined":{"cfm:oak_desk_cabinet":1,"minecraft:powder_snow":4,"minecraft:crafting_table":3,"minecraft:cornflower":1,"minecraft:grass_block":13,"minecraft:cobblestone":5,"minecraft:copper_ore":7,"minecraft:tall_grass":2,"minecraft:spruce_leaves":2,"minecraft:furnace":1,"minecraft:iron_ore":16,"minecraft:birch_log":1,"minecraft:spruce_log":20,"minecraft:grass":11,"minecraft:coal_ore":34,"minecraft:oak_log":28,"minecraft:gravel":1,"minecraft:stone":75,"minecraft:oak_leaves":21},"minecraft:crafted":{"minecraft:oak_planks":108,"minecraft:crafting_table":1,"minecraft:spruce_planks":80,"minecraft:wooden_pickaxe":1,"minecraft:furnace":1,"sanitydim:garland":1,"minecraft:birch_planks":4,"minecraft:stone_axe":1,"minecraft:cooked_mutton":3,"minecraft:air":0,"minecraft:stick":20,"minecraft:iron_ingot":15,"minecraft:iron_pickaxe":1,"minecraft:stone_pickaxe":2,"minecraft:stone_sword":1,"minecraft:white_bed":1,"minecraft:torch":44},"minecraft:dropped":{"born_in_chaos_v1:intoxicating_decoction":1,"born_in_chaos_v1:ethereal_spirit":1,"minecraft:rotten_flesh":2,"minecraft:oak_planks":41,"minecraft:cooked_mutton":5,"sanitydim:garland":1,"born_in_chaos_v1:corpse_maggot":1,"minecraft:stone_pickaxe":1},"minecraft:used":{"minecraft:cooked_mutton":5,"minecraft:stone_sword":120,"minecraft:stone_pickaxe":145,"minecraft:oak_planks":6,"minecraft:wooden_pickaxe":8,"minecraft:rotten_flesh":8,"simpletomb:grave_key":3,"minecraft:torch":16,"minecraft:dirt":21,"sanitydim:garland":1,"minecraft:crafting_table":2,"minecraft:white_bed":1,"born_in_chaos_v1:corpse_maggot":5,"minecraft:apple":1,"born_in_chaos_v1:monster_flesh":2,"minecraft:chicken":1,"minecraft:stone_axe":50,"cfm:oak_desk_cabinet":1,"minecraft:cobblestone":3,"minecraft:furnace":1},"minecraft:picked_up":{"minecraft:birch_log":1,"born_in_chaos_v1:corpse_maggot":11,"minecraft:crafting_table":3,"minecraft:feather":2,"minecraft:chicken":1,"born_in_chaos_v1:monster_flesh":3,"born_in_chaos_v1:seedof_chaos":2,"minecraft:oak_log":27,"minecraft:gunpowder":2,"minecraft:cornflower":11,"sanitydim:garland":2,"minecraft:dirt":51,"minecraft:raw_copper":29,"born_in_chaos_v1:intoxicating_decoction":1,"minecraft:cooked_mutton":7,"minecraft:bone":8,"minecraft:apple":1,"minecraft:bow":1,"minecraft:stone_pickaxe":1,"minecraft:oak_planks":3,"minecraft:furnace":1,"minecraft:raw_iron":15,"minecraft:stick":2,"born_in_chaos_v1:shattered_skull":1,"born_in_chaos_v1:ethereal_spirit":1,"minecraft:gravel":1,"sophisticatedbackpacks:backpack":1,"born_in_chaos_v1:nightmare_claw":1,"minecraft:spruce_log":20,"minecraft:arrow":2,"minecraft:rotten_flesh":8,"cfm:oak_desk_cabinet":1,"minecraft:oak_sapling":3,"minecraft:mutton":4,"minecraft:coal":39,"minecraft:white_wool":3,"minecraft:cobblestone":94},"minecraft:killed_by":{"minecraft:zombie":1,"born_in_chaos_v1:corpse_fly":1,"born_in_chaos_v1:wither_scuttler":1},"minecraft:killed":{"minecraft:spider":1,"minecraft:creeper":1,"born_in_chaos_v1:decrepit_skeleton":3,"minecraft:sheep":3,"minecraft:skeleton":4,"minecraft:zombie":2,"born_in_chaos_v1:dread_hound":1,"minecraft:chicken":1,"born_in_chaos_v1:corpse_fly":11,"born_in_chaos_v1:nightmare_stalker":1,"born_in_chaos_v1:baby_skeleton_2":1},"minecraft:broken":{"minecraft:stone_pickaxe":1,"sanitydim:garland":1},"minecraft:custom":{"minecraft:interact_with_furnace":31,"minecraft:mob_kills":29,"minecraft:interact_with_crafting_table":15,"minecraft:damage_dealt_resisted":90,"minecraft:leave_game":1,"minecraft:time_since_death":19390,"minecraft:sleep_in_bed":3,"minecraft:time_since_rest":19418,"minecraft:sprint_one_cm":95969,"minecraft:walk_one_cm":272693,"minecraft:damage_taken":1562,"minecraft:drop":14,"minecraft:damage_dealt":4925,"minecraft:fly_one_cm":140628,"minecraft:crouch_one_cm":1415,"minecraft:play_time":67118,"minecraft:deaths":3,"minecraft:sneak_time":1045,"minecraft:jump":910,"minecraft:walk_on_water_one_cm":281,"minecraft:total_world_time":67118,"minecraft:fall_one_cm":18554}},"DataVersion":3120}