{"stats":{"minecraft:dropped":{"simpletomb:grave_key":2,"minecraft:leather":22,"minecraft:stick":4,"born_in_chaos_v1:monster_flesh":2,"born_in_chaos_v1:river_mint":1,"cgm:medium_scope":1,"minecraft:torch":60,"minecraft:wooden_axe":2,"sophisticatedbackpacks:netherite_backpack":1,"minecraft:potion":1,"minecraft:iron_axe":3,"minecraft:fermented_spider_eye":1,"minecraft:stone_axe":1,"moguns:g36c":2,"sophisticatedbackpacks:diamond_backpack":1,"minecraft:poppy":1,"cgm:short_scope":1,"moguns:scar_l":1,"minecraft:diamond_pickaxe":1,"minecraft:stone_pickaxe":1,"minecraft:wooden_pickaxe":2},"minecraft:used":{"simpletomb:grave_key":1,"minecraft:torch":7,"minecraft:dirt":2,"moguns:glock17":1,"minecraft:wooden_axe":15,"minecraft:iron_axe":86,"minecraft:egg":1,"minecraft:cooked_beef":10,"minecraft:mossy_stone_bricks":1,"born_in_chaos_v1:fel_soil":1,"minecraft:wooden_pickaxe":16,"minecraft:mossy_stone_brick_stairs":1,"minecraft:mossy_cobblestone":1,"minecraft:crafting_table":7,"minecraft:white_bed":1,"minecraft:oak_log":1,"minecraft:iron_pickaxe":91,"born_in_chaos_v1:marigolds":1,"moguns:g36c":7,"minecraft:stone_axe":1,"minecraft:cobblestone":8},"minecraft:killed":{"minecraft:cave_spider":2,"minecraft:zombified_piglin":1,"born_in_chaos_v1:maggot":1,"minecraft:skeleton":4,"minecraft:zombie":1,"born_in_chaos_v1:dread_hound":1,"minecraft:cow":1},"minecraft:broken":{"sanitydim:garland":4},"minecraft:custom":{"minecraft:mob_kills":11,"minecraft:interact_with_crafting_table":17,"minecraft:open_barrel":4,"minecraft:damage_dealt_resisted":72,"minecraft:leave_game":3,"minecraft:time_since_death":39202,"minecraft:climb_one_cm":7092,"minecraft:sprint_one_cm":109492,"minecraft:walk_one_cm":162683,"minecraft:drop":49,"minecraft:play_time":67457,"minecraft:deaths":3,"minecraft:sneak_time":3053,"minecraft:walk_under_water_one_cm":3674,"minecraft:jump":774,"minecraft:interact_with_brewingstand":2,"minecraft:walk_on_water_one_cm":3258,"minecraft:total_world_time":67457,"minecraft:interact_with_furnace":8,"minecraft:sleep_in_bed":3,"minecraft:time_since_rest":21,"minecraft:damage_taken":1715,"minecraft:trigger_trapped_chest":2,"minecraft:damage_dealt":1986,"minecraft:swim_one_cm":6051,"minecraft:fly_one_cm":124855,"minecraft:open_chest":13,"minecraft:crouch_one_cm":7396,"minecraft:inspect_dispenser":1,"minecraft:fall_one_cm":14334},"minecraft:killed_by":{"minecraft:player":1,"minecraft:creeper":1,"minecraft:zombie":1},"minecraft:picked_up":{"minecraft:wooden_axe":1,"minecraft:iron_chestplate":1,"minecraft:crafting_table":7,"minecraft:azure_bluet":1,"born_in_chaos_v1:river_mint":1,"minecraft:redstone_lamp":1,"minecraft:wooden_pickaxe":1,"minecraft:potion":2,"moguns:g36c":2,"minecraft:cornflower":1,"minecraft:string":9,"minecraft:iron_axe":4,"minecraft:iron_leggings":1,"minecraft:blue_orchid":1,"moguns:556x45":256,"minecraft:comparator":1,"cgm:short_scope":1,"minecraft:beef":2,"minecraft:poppy":13,"minecraft:iron_pickaxe":1,"sophisticatedbackpacks:netherite_backpack":1,"minecraft:furnace":1,"minecraft:egg":1,"minecraft:tipped_arrow":2,"minecraft:stick":1,"minecraft:torch":68,"born_in_chaos_v1:fel_soil":1,"born_in_chaos_v1:pieceofdarkmetal":3,"minecraft:carrot":2,"minecraft:redstone":5,"cgm:medium_scope":1,"minecraft:arrow":12,"minecraft:rotten_flesh":1,"minecraft:gold_ingot":3,"minecraft:cobblestone":30,"minecraft:oxeye_daisy":1,"minecraft:cooked_beef":12,"minecraft:repeater":1,"born_in_chaos_v1:monster_flesh":2,"minecraft:leather":36,"minecraft:oak_log":38,"sanitydim:garland":1,"minecraft:dirt":2,"moguns:glock17":1,"born_in_chaos_v1:monster_skin":2,"born_in_chaos_v1:marigolds":1,"minecraft:bone":6,"minecraft:iron_ingot":85,"minecraft:mossy_stone_bricks":1,"moguns:scar_l":2,"minecraft:oak_planks":26,"minecraft:mossy_stone_brick_stairs":1,"sophisticatedbackpacks:diamond_backpack":2,"minecraft:book":276,"minecraft:cooked_porkchop":14,"minecraft:dandelion":13,"minecraft:fermented_spider_eye":1,"minecraft:white_bed":2,"minecraft:lily_of_the_valley":1,"minecraft:mossy_cobblestone":1,"minecraft:diamond":3,"minecraft:coal":62,"moguns:9x19":128,"minecraft:hopper":2,"minecraft:diamond_pickaxe":1},"minecraft:mined":{"minecraft:white_bed":1,"minecraft:mossy_cobblestone":5,"minecraft:grass_block":1,"born_in_chaos_v1:fel_soil":1,"minecraft:moss_block":1,"minecraft:hopper":2,"minecraft:oxeye_daisy":2,"minecraft:azure_bluet":1,"minecraft:gold_block":1,"minecraft:mossy_stone_brick_stairs":1,"minecraft:bookshelf":46,"minecraft:stone":20,"born_in_chaos_v1:marigolds":1,"minecraft:comparator":1,"minecraft:dandelion":15,"minecraft:crafting_table":6,"minecraft:cornflower":1,"minecraft:torch":4,"minecraft:poppy":12,"minecraft:tall_grass":1,"minecraft:cobblestone":7,"minecraft:repeater":1,"minecraft:light_gray_stained_glass":2,"born_in_chaos_v1:river_mint":1,"minecraft:grass":6,"minecraft:coal_ore":63,"minecraft:oak_log":27,"minecraft:dirt":2,"minecraft:oak_leaves":2,"minecraft:redstone_lamp":1},"minecraft:crafted":{"minecraft:oak_planks":60,"minecraft:furnace":1,"sophisticatedbackpacks:crafting_upgrade":1,"sanitydim:garland":3,"sophisticatedbackpacks:smelting_upgrade":1,"minecraft:hopper":1,"minecraft:iron_axe":1,"minecraft:stone_pickaxe":1,"minecraft:chest":2,"minecraft:crafting_table":2,"minecraft:wooden_pickaxe":1,"minecraft:stone_axe":1,"sophisticatedbackpacks:upgrade_base":2,"minecraft:iron_chestplate":1,"minecraft:stick":48,"sophisticatedbackpacks:auto_smelting_upgrade":1,"minecraft:iron_pickaxe":1,"minecraft:wooden_axe":1,"minecraft:iron_leggings":1,"minecraft:torch":124}},"DataVersion":3120}