{"stats":{"minecraft:mined":{"minecraft:grass_block":5,"minecraft:infested_cobblestone":2,"minecraft:spawner":1,"minecraft:tall_seagrass":2,"minecraft:furnace":1,"minecraft:carrots":7,"minecraft:fire":9,"minecraft:pumpkin":1,"minecraft:potatoes":1,"minecraft:stone":20,"minecraft:gray_concrete":10,"minecraft:dandelion":6,"minecraft:crafting_table":4,"minecraft:cornflower":2,"minecraft:torch":7,"minecraft:poppy":18,"minecraft:chest":2,"minecraft:cobblestone":15,"minecraft:cyan_bed":5,"minecraft:oak_planks":4,"minecraft:wall_torch":5,"minecraft:seagrass":1,"minecraft:birch_planks":1,"minecraft:birch_log":6,"minecraft:birch_leaves":13,"minecraft:grass":16,"minecraft:oak_log":10,"minecraft:dirt":1,"minecraft:smooth_quartz":1,"minecraft:oak_leaves":2},"minecraft:killed_by":{"minecraft:player":2,"man:managgresive":1,"minecraft:silverfish":1,"born_in_chaos_v1:supreme_bonescaller_stage_2":2},"minecraft:custom":{"minecraft:mob_kills":53,"minecraft:interact_with_crafting_table":14,"minecraft:open_barrel":2,"minecraft:damage_dealt_resisted":101,"minecraft:leave_game":3,"minecraft:time_since_death":28353,"minecraft:climb_one_cm":3257,"minecraft:sprint_one_cm":273103,"minecraft:walk_one_cm":534403,"minecraft:damage_blocked_by_shield":180,"minecraft:drop":59,"minecraft:play_time":212017,"minecraft:deaths":8,"minecraft:sneak_time":8042,"minecraft:walk_under_water_one_cm":34416,"minecraft:jump":2502,"minecraft:walk_on_water_one_cm":17448,"minecraft:total_world_time":212017,"minecraft:interact_with_furnace":16,"minecraft:tune_noteblock":102,"minecraft:interact_with_loom":1,"minecraft:interact_with_stonecutter":1,"minecraft:sleep_in_bed":6,"minecraft:time_since_rest":8123,"minecraft:damage_taken":4031,"minecraft:damage_dealt":5342,"minecraft:swim_one_cm":23881,"minecraft:fly_one_cm":289478,"minecraft:open_chest":37,"minecraft:crouch_one_cm":16693,"minecraft:fall_one_cm":57411},"minecraft:used":{"minecraft:stone_sword":191,"minecraft:shield":40,"minecraft:cooked_salmon":7,"simpletomb:grave_key":18,"minecraft:iron_chestplate":1,"minecraft:torch":12,"minecraft:dirt":7,"minecraft:mutton":2,"sanitydim:garland":5,"minecraft:carrot":19,"minecraft:granite":2,"born_in_chaos_v1:corpse_maggot":1,"minecraft:birch_sapling":1,"minecraft:dark_oak_slab":1,"minecraft:iron_boots":1,"minecraft:smooth_quartz":1,"minecraft:egg":1,"minecraft:potato":17,"minecraft:cobbled_deepslate":6,"minecraft:pumpkin":1,"minecraft:diorite":4,"minecraft:birch_planks":4,"minecraft:stone_pickaxe":30,"minecraft:oak_planks":4,"minecraft:wooden_pickaxe":22,"minecraft:crafting_table":4,"minecraft:gray_concrete":9,"minecraft:dark_oak_log":1,"minecraft:bread":2,"minecraft:cyan_bed":4,"minecraft:polished_andesite_slab":1,"minecraft:stone_axe":22,"minecraft:wooden_sword":5,"minecraft:cobblestone":29,"minecraft:cooked_porkchop":1,"minecraft:andesite":3,"minecraft:bone_meal":1},"minecraft:dropped":{"minecraft:wheat_seeds":5,"minecraft:cooked_porkchop":4,"minecraft:book":3,"minecraft:granite":14,"minecraft:coal":56,"minecraft:stick":3,"minecraft:dirt":5,"minecraft:diorite":2,"minecraft:torch":1,"minecraft:cornflower":2,"minecraft:wooden_sword":3,"minecraft:string":3,"minecraft:dandelion":1,"minecraft:cobbled_deepslate":11,"minecraft:cocoa_beans":3,"minecraft:tuff":1,"minecraft:iron_boots":1,"minecraft:tipped_arrow":1,"born_in_chaos_v1:seedof_chaos":2,"minecraft:iron_chestplate":7,"minecraft:beetroot_seeds":2,"sanitydim:garland":6,"knight_quest:kq_great_essence":1,"minecraft:stone_pressure_plate":42,"minecraft:wooden_pickaxe":5,"minecraft:stone_pickaxe":1},"minecraft:picked_up":{"born_in_chaos_v1:diamond_termite_shard":4,"minecraft:cocoa_beans":3,"minecraft:crafting_table":4,"minecraft:iron_chestplate":8,"born_in_chaos_v1:seedof_chaos":2,"minecraft:wooden_pickaxe":4,"minecraft:cornflower":2,"minecraft:string":8,"minecraft:wooden_sword":2,"minecraft:iron_leggings":2,"minecraft:cobbled_deepslate":17,"minecraft:poppy":18,"minecraft:smooth_quartz":1,"minecraft:chest":2,"minecraft:birch_sapling":1,"minecraft:egg":1,"minecraft:furnace":1,"minecraft:iron_boots":2,"minecraft:stick":8,"minecraft:copper_ingot":4,"minecraft:torch":17,"minecraft:porkchop":5,"minecraft:diorite":6,"minecraft:carrot":23,"minecraft:stone_pressure_plate":42,"minecraft:orange_bed":1,"minecraft:beetroot_seeds":2,"minecraft:mutton":2,"minecraft:white_wool":1,"minecraft:cobblestone":107,"minecraft:birch_log":6,"born_in_chaos_v1:corpse_maggot":1,"born_in_chaos_v1:monster_flesh":2,"minecraft:salmon":7,"minecraft:potato":3,"minecraft:birch_planks":12,"minecraft:tuff":1,"minecraft:oak_log":10,"sanitydim:garland":8,"minecraft:gray_concrete":9,"minecraft:dirt":12,"minecraft:wheat_seeds":5,"minecraft:iron_ingot":17,"minecraft:polished_andesite_slab":1,"minecraft:oak_planks":4,"minecraft:book":3,"minecraft:dark_oak_slab":1,"minecraft:pumpkin":1,"minecraft:dandelion":7,"minecraft:cyan_bed":4,"minecraft:dark_oak_log":1,"minecraft:iron_helmet":2,"minecraft:granite":16,"minecraft:bone_meal":1,"knight_quest:kq_great_essence":2,"minecraft:coal":42},"minecraft:broken":{"minecraft:stone_sword":1,"sanitydim:garland":5},"minecraft:killed":{"minecraft:spider":2,"minecraft:skeleton":6,"minecraft:silverfish":25,"minecraft:pig":2,"born_in_chaos_v1:bone_imp_minion":4,"minecraft:salmon":7,"minecraft:sheep":1,"minecraft:zombie":1,"born_in_chaos_v1:corpse_fly":1,"born_in_chaos_v1:controlled_baby_skeleton":1},"minecraft:crafted":{"minecraft:wooden_sword":1,"minecraft:oak_planks":40,"sanitydim:garland":3,"minecraft:iron_boots":1,"minecraft:stone_pickaxe":2,"minecraft:cooked_porkchop":5,"minecraft:crafting_table":1,"minecraft:wooden_pickaxe":1,"minecraft:cooked_salmon":7,"minecraft:birch_planks":24,"minecraft:stone_axe":1,"minecraft:air":0,"minecraft:iron_chestplate":1,"minecraft:shield":1,"minecraft:stick":12,"minecraft:stone_sword":2}},"DataVersion":3120}