{"stats":{"minecraft:killed":{"minecraft:spider":2,"minecraft:skeleton":7,"minecraft:silverfish":25,"minecraft:drowned":1,"minecraft:pig":2,"born_in_chaos_v1:bone_imp_minion":4,"minecraft:salmon":7,"born_in_chaos_v1:spirit_guide_assistant":1,"born_in_chaos_v1:wither_scuttler":1,"minecraft:sheep":1,"minecraft:zombie":1,"born_in_chaos_v1:corpse_fly":3,"born_in_chaos_v1:controlled_baby_skeleton":1},"minecraft:custom":{"minecraft:mob_kills":59,"minecraft:interact_with_crafting_table":20,"minecraft:open_barrel":2,"minecraft:damage_dealt_resisted":173,"minecraft:leave_game":4,"minecraft:time_since_death":73443,"minecraft:climb_one_cm":3257,"minecraft:sprint_one_cm":381677,"minecraft:walk_one_cm":819170,"minecraft:damage_blocked_by_shield":1920,"minecraft:drop":97,"minecraft:play_time":348929,"minecraft:deaths":10,"minecraft:sneak_time":11194,"minecraft:walk_under_water_one_cm":38292,"minecraft:jump":3659,"minecraft:interact_with_blast_furnace":2,"minecraft:walk_on_water_one_cm":23959,"minecraft:total_world_time":348929,"minecraft:interact_with_furnace":40,"minecraft:tune_noteblock":102,"minecraft:interact_with_loom":1,"minecraft:interact_with_stonecutter":1,"minecraft:sleep_in_bed":8,"minecraft:time_since_rest":69796,"minecraft:damage_taken":5754,"minecraft:damage_dealt":6460,"minecraft:swim_one_cm":28895,"minecraft:fly_one_cm":393610,"minecraft:open_chest":37,"minecraft:crouch_one_cm":22663,"minecraft:fall_one_cm":70748},"minecraft:crafted":{"minecraft:wooden_sword":1,"minecraft:oak_planks":40,"minecraft:cooked_chicken":3,"sanitydim:garland":3,"minecraft:iron_boots":1,"born_in_chaos_v1:fried_maggot":3,"minecraft:stone_pickaxe":2,"sophisticatedbackpacks:backpack":2,"minecraft:cooked_porkchop":5,"minecraft:crafting_table":1,"minecraft:wooden_pickaxe":1,"minecraft:cooked_salmon":7,"minecraft:birch_planks":24,"minecraft:stone_axe":1,"minecraft:air":0,"minecraft:iron_chestplate":1,"minecraft:shield":1,"minecraft:stick":12,"minecraft:iron_ingot":1,"minecraft:stone_sword":2},"minecraft:used":{"minecraft:stone_sword":205,"minecraft:shield":63,"minecraft:stone":64,"minecraft:cooked_salmon":7,"born_in_chaos_v1:fried_maggot":2,"minecraft:cooked_chicken":3,"simpletomb:grave_key":20,"minecraft:iron_chestplate":1,"minecraft:orange_bed":3,"minecraft:torch":12,"minecraft:dirt":7,"sanitydim:garland":5,"minecraft:mutton":2,"minecraft:carrot":36,"minecraft:granite":2,"born_in_chaos_v1:corpse_maggot":1,"butchercraft:tongue":1,"minecraft:birch_sapling":1,"minecraft:iron_boots":1,"minecraft:dark_oak_slab":1,"minecraft:smooth_quartz":1,"minecraft:furnace":1,"minecraft:egg":2,"minecraft:cooked_beef":2,"minecraft:potato":31,"minecraft:cobbled_deepslate":6,"minecraft:pumpkin":1,"cgm:heavy_rifle":8,"minecraft:diorite":4,"minecraft:birch_planks":4,"minecraft:oak_planks":28,"minecraft:stone_pickaxe":39,"minecraft:wooden_pickaxe":22,"minecraft:white_wool":1,"minecraft:crafting_table":4,"minecraft:gray_concrete":9,"sophisticatedbackpacks:backpack":1,"minecraft:dark_oak_log":1,"butchercraft:brain":1,"minecraft:bread":2,"minecraft:cyan_bed":4,"butchercraft:heart":1,"minecraft:polished_andesite_slab":1,"minecraft:stone_axe":34,"minecraft:diamond_sword":27,"minecraft:wooden_sword":5,"minecraft:cobblestone":75,"born_in_chaos_v1:rotten_fish":1,"minecraft:cooked_porkchop":1,"minecraft:andesite":3,"minecraft:bone_meal":1},"minecraft:mined":{"minecraft:grass_block":5,"minecraft:infested_cobblestone":2,"minecraft:spawner":1,"minecraft:tall_seagrass":2,"minecraft:furnace":1,"minecraft:carrots":7,"minecraft:iron_ore":1,"minecraft:fire":9,"minecraft:pumpkin":1,"minecraft:potatoes":1,"minecraft:stone":23,"sophisticatedbackpacks:backpack":1,"minecraft:orange_bed":2,"minecraft:gray_concrete":10,"minecraft:dandelion":6,"minecraft:crafting_table":4,"minecraft:cornflower":2,"minecraft:torch":7,"minecraft:poppy":18,"minecraft:chest":2,"minecraft:cobblestone":18,"minecraft:cyan_bed":5,"minecraft:oak_planks":16,"minecraft:wall_torch":6,"minecraft:seagrass":1,"minecraft:birch_planks":1,"minecraft:birch_log":6,"minecraft:birch_leaves":13,"minecraft:grass":17,"minecraft:oak_log":10,"minecraft:dirt":1,"minecraft:smooth_quartz":1,"minecraft:oak_leaves":2},"minecraft:dropped":{"minecraft:iron_ingot":11,"minecraft:birch_planks":6,"minecraft:wheat_seeds":6,"born_in_chaos_v1:fried_maggot":1,"minecraft:cooked_porkchop":4,"minecraft:cobblestone":5,"minecraft:book":3,"minecraft:granite":14,"minecraft:spruce_door":2,"minecraft:coal":56,"minecraft:stick":6,"born_in_chaos_v1:monster_flesh":7,"minecraft:dirt":5,"minecraft:diorite":2,"minecraft:torch":1,"minecraft:cornflower":2,"minecraft:wooden_sword":3,"minecraft:string":5,"minecraft:dandelion":1,"cgm:advanced_bullet":53,"minecraft:stone_sword":1,"minecraft:cobbled_deepslate":11,"minecraft:cocoa_beans":3,"minecraft:tuff":1,"minecraft:rotten_flesh":6,"minecraft:iron_boots":1,"minecraft:carrot":2,"butchercraft:cooked_beef_ribs":2,"minecraft:tipped_arrow":1,"born_in_chaos_v1:seedof_chaos":2,"minecraft:iron_chestplate":7,"minecraft:beetroot_seeds":2,"sanitydim:garland":6,"born_in_chaos_v1:diamond_termite_shard":4,"knight_quest:kq_great_essence":2,"minecraft:stone_pressure_plate":42,"minecraft:spider_eye":1,"butchercraft:heart":1,"cgm:heavy_rifle":1,"minecraft:wooden_pickaxe":5,"minecraft:stone_pickaxe":1},"minecraft:picked_up":{"minecraft:crafting_table":4,"minecraft:cocoa_beans":3,"minecraft:iron_chestplate":8,"born_in_chaos_v1:diamond_termite_shard":4,"born_in_chaos_v1:seedof_chaos":2,"minecraft:lead":2,"minecraft:diamond_sword":1,"minecraft:wooden_pickaxe":4,"butchercraft:cooked_beef_ribs":2,"butchercraft:tongue":1,"minecraft:cornflower":2,"minecraft:string":9,"minecraft:wooden_sword":2,"minecraft:iron_leggings":2,"minecraft:cobbled_deepslate":17,"butchercraft:brain":1,"minecraft:poppy":18,"minecraft:smooth_quartz":1,"cgm:advanced_bullet":64,"minecraft:chest":2,"minecraft:birch_sapling":1,"minecraft:furnace":1,"minecraft:egg":2,"minecraft:iron_boots":2,"minecraft:stick":8,"minecraft:raw_iron":1,"minecraft:stone":64,"minecraft:copper_ingot":4,"minecraft:torch":23,"sophisticatedbackpacks:backpack":1,"minecraft:porkchop":5,"minecraft:white_dye":1,"minecraft:diorite":6,"minecraft:carrot":23,"minecraft:stone_pressure_plate":42,"minecraft:orange_bed":3,"minecraft:rotten_flesh":6,"minecraft:beetroot_seeds":2,"minecraft:mutton":2,"minecraft:white_wool":1,"minecraft:cobblestone":118,"minecraft:birch_log":6,"born_in_chaos_v1:corpse_maggot":3,"minecraft:cooked_beef":36,"born_in_chaos_v1:monster_flesh":8,"minecraft:salmon":7,"minecraft:leather":4,"minecraft:potato":3,"minecraft:birch_planks":12,"minecraft:tuff":1,"minecraft:oak_log":10,"cgm:heavy_rifle":1,"sanitydim:garland":8,"minecraft:gray_concrete":9,"minecraft:dirt":12,"minecraft:wheat_seeds":6,"minecraft:iron_ingot":23,"minecraft:polished_andesite_slab":1,"minecraft:oak_planks":16,"minecraft:book":3,"minecraft:dark_oak_slab":1,"minecraft:pumpkin":1,"minecraft:dandelion":7,"butchercraft:heart":1,"minecraft:cyan_bed":4,"minecraft:spider_eye":1,"minecraft:dark_oak_log":1,"minecraft:spruce_door":2,"minecraft:iron_helmet":2,"minecraft:granite":16,"minecraft:bone_meal":1,"knight_quest:kq_great_essence":2,"born_in_chaos_v1:rotten_fish":2,"minecraft:coal":42},"minecraft:broken":{"minecraft:stone_sword":1,"sanitydim:garland":5},"minecraft:killed_by":{"minecraft:player":2,"minecraft:creeper":1,"man:managgresive":1,"minecraft:silverfish":1,"minecraft:skeleton":1,"born_in_chaos_v1:supreme_bonescaller_stage_2":2}},"DataVersion":3120}