{"stats":{"minecraft:dropped":{"minecraft:cocoa_beans":3,"minecraft:tuff":1,"minecraft:cooked_porkchop":4,"minecraft:book":3,"minecraft:granite":14,"minecraft:coal":56,"minecraft:stick":3,"minecraft:dirt":5,"born_in_chaos_v1:seedof_chaos":2,"minecraft:diorite":2,"minecraft:torch":1,"minecraft:cornflower":2,"sanitydim:garland":6,"knight_quest:kq_great_essence":1,"minecraft:wooden_sword":3,"minecraft:stone_pickaxe":1,"minecraft:wooden_pickaxe":5,"minecraft:string":3,"minecraft:dandelion":1},"minecraft:killed":{"minecraft:pig":2,"born_in_chaos_v1:bone_imp_minion":4,"minecraft:salmon":7,"minecraft:spider":2,"minecraft:sheep":1,"minecraft:zombie":1,"born_in_chaos_v1:corpse_fly":1},"minecraft:used":{"minecraft:diorite":4,"minecraft:stone_sword":76,"minecraft:stone_pickaxe":16,"minecraft:wooden_pickaxe":22,"minecraft:cooked_salmon":6,"simpletomb:grave_key":12,"minecraft:torch":10,"sanitydim:garland":5,"minecraft:crafting_table":3,"minecraft:granite":2,"born_in_chaos_v1:corpse_maggot":1,"minecraft:dark_oak_log":1,"minecraft:birch_sapling":1,"minecraft:dark_oak_slab":1,"minecraft:iron_boots":1,"minecraft:stone_axe":15,"minecraft:wooden_sword":5,"minecraft:cobblestone":7,"minecraft:cooked_porkchop":1,"minecraft:andesite":3,"minecraft:cobbled_deepslate":2,"minecraft:bone_meal":1},"minecraft:broken":{"sanitydim:garland":3},"minecraft:custom":{"minecraft:interact_with_furnace":15,"minecraft:mob_kills":20,"minecraft:interact_with_crafting_table":12,"minecraft:open_barrel":2,"minecraft:damage_dealt_resisted":45,"minecraft:leave_game":1,"minecraft:time_since_death":15887,"minecraft:climb_one_cm":2519,"minecraft:time_since_rest":15926,"minecraft:sprint_one_cm":142127,"minecraft:damage_taken":1591,"minecraft:walk_one_cm":316180,"minecraft:drop":45,"minecraft:damage_dealt":2041,"minecraft:swim_one_cm":12763,"minecraft:fly_one_cm":133827,"minecraft:open_chest":12,"minecraft:crouch_one_cm":5951,"minecraft:play_time":99525,"minecraft:deaths":4,"minecraft:sneak_time":2256,"minecraft:walk_under_water_one_cm":5431,"minecraft:jump":1506,"minecraft:walk_on_water_one_cm":6344,"minecraft:total_world_time":99525,"minecraft:fall_one_cm":20406},"minecraft:killed_by":{"man:managgresive":1,"minecraft:player":1,"born_in_chaos_v1:supreme_bonescaller_stage_2":2},"minecraft:picked_up":{"minecraft:birch_log":6,"minecraft:cocoa_beans":3,"born_in_chaos_v1:corpse_maggot":1,"born_in_chaos_v1:diamond_termite_shard":4,"minecraft:crafting_table":3,"born_in_chaos_v1:seedof_chaos":2,"born_in_chaos_v1:monster_flesh":2,"minecraft:salmon":7,"minecraft:wooden_pickaxe":4,"minecraft:birch_planks":11,"minecraft:tuff":1,"minecraft:oak_log":10,"minecraft:dirt":5,"minecraft:string":6,"sanitydim:garland":8,"minecraft:cornflower":2,"minecraft:wooden_sword":2,"minecraft:wheat_seeds":5,"minecraft:cobbled_deepslate":17,"minecraft:iron_ingot":5,"minecraft:poppy":18,"minecraft:chest":2,"minecraft:birch_sapling":1,"minecraft:furnace":1,"minecraft:book":3,"minecraft:stick":8,"minecraft:dark_oak_slab":1,"minecraft:torch":16,"minecraft:dandelion":7,"minecraft:porkchop":5,"minecraft:diorite":6,"minecraft:dark_oak_log":1,"minecraft:granite":16,"minecraft:bone_meal":1,"knight_quest:kq_great_essence":2,"minecraft:mutton":2,"minecraft:coal":36,"minecraft:white_wool":1,"minecraft:cobblestone":107},"minecraft:mined":{"minecraft:dandelion":6,"minecraft:crafting_table":3,"minecraft:cornflower":2,"minecraft:torch":5,"minecraft:grass_block":5,"minecraft:poppy":18,"minecraft:chest":2,"minecraft:cobblestone":15,"minecraft:wall_torch":4,"minecraft:spawner":1,"minecraft:seagrass":1,"minecraft:tall_seagrass":2,"minecraft:furnace":1,"minecraft:birch_log":6,"minecraft:fire":9,"minecraft:birch_leaves":13,"minecraft:grass":16,"minecraft:oak_log":10,"minecraft:stone":20,"minecraft:oak_leaves":2},"minecraft:crafted":{"minecraft:wooden_sword":1,"minecraft:oak_planks":40,"minecraft:cooked_porkchop":5,"minecraft:crafting_table":1,"minecraft:wooden_pickaxe":1,"minecraft:cooked_salmon":7,"minecraft:birch_planks":24,"sanitydim:garland":3,"minecraft:stone_axe":1,"minecraft:air":0,"minecraft:iron_boots":1,"minecraft:shield":1,"minecraft:stick":8,"minecraft:stone_pickaxe":2,"minecraft:stone_sword":1}},"DataVersion":3120}