{"stats":{"minecraft:mined":{"minecraft:grass":2,"minecraft:grass_block":4,"minecraft:oak_log":8,"minecraft:dirt":10,"minecraft:tall_grass":1,"minecraft:cobblestone":1,"minecraft:stone":28,"minecraft:oak_planks":6,"minecraft:oak_leaves":2},"minecraft:crafted":{"minecraft:oak_planks":32,"minecraft:crafting_table":1,"minecraft:stick":12,"minecraft:wooden_pickaxe":1,"minecraft:stone_pickaxe":1,"minecraft:stone_sword":3,"minecraft:stone_axe":1,"minecraft:cooked_mutton":3,"minecraft:air":0},"minecraft:dropped":{"minecraft:dirt":18,"minecraft:wheat_seeds":2,"minecraft:stone_sword":3,"minecraft:oak_sapling":1,"minecraft:arrow":4,"minecraft:wooden_pickaxe":1,"minecraft:cooked_mutton":2,"minecraft:white_wool":2,"minecraft:stick":1,"minecraft:dandelion":11,"minecraft:bone":6},"minecraft:used":{"minecraft:cooked_mutton":1,"minecraft:stone_sword":6,"minecraft:stone_pickaxe":19,"minecraft:oak_planks":2,"minecraft:wooden_pickaxe":11,"minecraft:stone_axe":6,"minecraft:dirt":17,"minecraft:cobblestone":6,"minecraft:mutton":1,"sanitydim:garland":3,"minecraft:crafting_table":1,"minecraft:cooked_rabbit":1},"minecraft:picked_up":{"minecraft:air":0,"minecraft:dandelion":11,"minecraft:cooked_rabbit":1,"minecraft:oak_log":8,"sanitydim:garland":3,"minecraft:dirt":35,"minecraft:stone_sword":1,"minecraft:bone":6,"minecraft:arrow":4,"minecraft:wheat_seeds":2,"minecraft:oak_sapling":1,"minecraft:mutton":3,"minecraft:oak_planks":6,"minecraft:white_wool":4,"minecraft:cobblestone":27},"minecraft:killed_by":{"kevin_trophy:zombie_brute":1},"minecraft:broken":{"sanitydim:garland":3},"minecraft:killed":{"minecraft:sheep":2},"minecraft:custom":{"minecraft:time_since_rest":524,"minecraft:interact_with_furnace":4,"minecraft:sprint_one_cm":48880,"minecraft:damage_taken":525,"minecraft:walk_one_cm":139091,"minecraft:mob_kills":2,"minecraft:drop":40,"minecraft:damage_dealt":230,"minecraft:interact_with_crafting_table":8,"minecraft:fly_one_cm":67846,"minecraft:crouch_one_cm":3853,"minecraft:deaths":1,"minecraft:play_time":59915,"minecraft:sneak_time":3112,"minecraft:jump":695,"minecraft:leave_game":3,"minecraft:time_since_death":494,"minecraft:total_world_time":59915,"minecraft:fall_one_cm":9653}},"DataVersion":3120}