{"stats":{"minecraft:custom":{"minecraft:interact_with_crafting_table":93,"minecraft:open_barrel":13,"minecraft:bell_ring":1,"minecraft:leave_game":9,"minecraft:time_since_death":5897,"minecraft:sprint_one_cm":1088272,"minecraft:damage_blocked_by_shield":2130,"minecraft:drop":234,"minecraft:talked_to_villager":14,"minecraft:play_time":614183,"minecraft:deaths":42,"minecraft:jump":7276,"minecraft:walk_on_water_one_cm":96886,"minecraft:interact_with_furnace":65,"minecraft:traded_with_villager":1,"minecraft:sleep_in_bed":25,"minecraft:damage_dealt":20850,"minecraft:player_kills":3,"minecraft:crouch_one_cm":56605,"minecraft:horse_one_cm":2544382,"minecraft:interact_with_smithing_table":1,"minecraft:interact_with_anvil":12,"minecraft:mob_kills":128,"minecraft:inspect_hopper":1,"minecraft:damage_dealt_resisted":667,"minecraft:climb_one_cm":27245,"minecraft:walk_one_cm":1519410,"minecraft:sneak_time":27287,"minecraft:walk_under_water_one_cm":86390,"minecraft:interact_with_blast_furnace":2,"minecraft:total_world_time":614183,"minecraft:tune_noteblock":35,"minecraft:interact_with_stonecutter":1,"minecraft:time_since_rest":5937,"minecraft:damage_taken":23776,"minecraft:trigger_trapped_chest":2,"minecraft:swim_one_cm":92144,"minecraft:fly_one_cm":1110050,"minecraft:open_chest":87,"minecraft:fall_one_cm":256839},"minecraft:killed":{"born_in_chaos_v1:mr_pumpkin":1,"born_in_chaos_v1:restless_spirit":3,"born_in_chaos_v1:sir_the_headless":1,"minecraft:spider":7,"minecraft:skeleton":5,"minecraft:chicken":3,"minecraft:silverfish":7,"born_in_chaos_v1:baby_skeleton_2":1,"born_in_chaos_v1:firelight_not_despawn":2,"minecraft:iron_golem":1,"minecraft:creeper":1,"kevin_trophy:blister_zombie":2,"minecraft:sheep":13,"minecraft:pillager":6,"minecraft:zombie":7,"born_in_chaos_v1:dread_hound":1,"born_in_chaos_v1:corpse_fly":8,"minecraft:stray":1,"minecraft:cow":3,"born_in_chaos_v1:thornshell_crab":1,"minecraft:phantom":1,"born_in_chaos_v1:maggot":7,"born_in_chaos_v1:pumpkinhead":1,"minecraft:horse":3,"born_in_chaos_v1:corpse_fish":4,"minecraft:husk":27,"graveyard:ghoul":1,"born_in_chaos_v1:bone_imp_minion":1,"born_in_chaos_v1:swarmer":2,"born_in_chaos_v1:bloody_gadfly":2,"minecraft:enderman":1},"minecraft:crafted":{"minecraft:oak_planks":84,"minecraft:cooked_chicken":1,"minecraft:chain":1,"minecraft:diamond_shovel":1,"minecraft:cooked_mutton":12,"minecraft:iron_bars":16,"sophisticatedbackpacks:smelting_upgrade":1,"minecraft:iron_boots":1,"minecraft:chest":1,"butchercraft:butcher_knife":1,"minecraft:oak_fence":3,"butchercraft:lard":9,"minecraft:item_frame":1,"sophisticatedbackpacks:backpack":2,"minecraft:crafting_table":3,"minecraft:wooden_pickaxe":1,"minecraft:iron_helmet":1,"sophisticatedbackpacks:upgrade_base":1,"minecraft:iron_chestplate":2,"minecraft:diamond_pickaxe":1,"minecraft:charcoal":3,"minecraft:shield":2,"sophisticatedbackpacks:diamond_backpack":1,"minecraft:stick":44,"minecraft:iron_ingot":6,"minecraft:iron_pickaxe":1,"minecraft:iron_block":3,"minecraft:stone_sword":2,"minecraft:redstone":9,"minecraft:stone_shovel":1,"minecraft:iron_nugget":9,"born_in_chaos_v1:nightmare_mantleofthe_night_boots":1,"minecraft:furnace":3,"cfm:spatula":1,"sanitydim:garland":8,"born_in_chaos_v1:bone_handle":2,"minecraft:leather":44,"minecraft:iron_axe":1,"born_in_chaos_v1:fried_maggot":17,"minecraft:slime_ball":9,"minecraft:stone_pickaxe":3,"minecraft:redstone_block":1,"butchercraft:meat_hook_item":1,"minecraft:lead":4,"minecraft:wheat":18,"sophisticatedbackpacks:iron_backpack":1,"minecraft:cooked_beef":2,"butchercraft:skinning_knife":1,"minecraft:diamond_sword":1,"minecraft:iron_sword":1,"sophisticatedbackpacks:gold_backpack":1,"minecraft:stone_axe":1,"born_in_chaos_v1:shell_mace":1,"minecraft:bread":4,"minecraft:air":0,"butchercraft:pork_tenderloin":1,"minecraft:white_dye":2,"butchercraft:gut_knife":1,"minecraft:iron_leggings":1,"minecraft:anvil":1,"minecraft:white_bed":3,"minecraft:acacia_planks":4,"minecraft:torch":12,"butchercraft:bone_saw":1},"minecraft:used":{"minecraft:beetroot":1,"minecraft:chest":2,"butchercraft:butcher_knife":2,"minecraft:shield":58,"minecraft:iron_sword":15,"minecraft:rotten_flesh":2,"farmersrespite:kettle":1,"sanitydim:garland":1,"cfm:oak_kitchen_sink_light":1,"minecraft:carrot":22,"minecraft:allium":7,"minecraft:tuff":31,"born_in_chaos_v1:corpse_maggot":1,"born_in_chaos_v1:smoked_flesh":20,"minecraft:item_frame":2,"minecraft:stone_bricks":4,"minecraft:redstone_lamp":1,"minecraft:mangrove_roots":2,"butchercraft:pork_tenderloin":1,"minecraft:hay_block":2,"born_in_chaos_v1:fel_lamp":1,"minecraft:oak_sapling":2,"minecraft:furnace":5,"minecraft:egg":5,"minecraft:dark_oak_stairs":2,"butchercraft:meat_hook_item":2,"minecraft:chorus_fruit":2,"minecraft:stone_pickaxe":431,"minecraft:oak_planks":43,"minecraft:wooden_pickaxe":10,"minecraft:redstone_block":4,"minecraft:white_wool":1,"minecraft:glow_berries":1,"minecraft:golden_hoe":12,"minecraft:sand":4,"minecraft:mushroom_stew":1,"minecraft:note_block":2,"cfm:oak_kitchen_counter":1,"graveyard:hanged_skeleton":1,"minecraft:sticky_piston":4,"minecraft:lever":1,"minecraft:melon_slice":37,"minecraft:bread":5,"minecraft:gravel":18,"minecraft:polished_andesite_slab":1,"minecraft:diamond_sword":141,"minecraft:andesite":3,"minecraft:coarse_dirt":5,"minecraft:oak_fence":5,"minecraft:iron_bars":8,"minecraft:rose_bush":4,"minecraft:stone_sword":85,"minecraft:stone_shovel":51,"minecraft:spruce_planks":1,"born_in_chaos_v1:shell_mace":201,"minecraft:cooked_salmon":1,"born_in_chaos_v1:fried_maggot":18,"simpletomb:grave_key":31,"minecraft:cooked_chicken":3,"minecraft:orange_bed":2,"minecraft:torch":73,"minecraft:anvil":1,"minecraft:dirt":121,"slenderman:slender_planks":2,"farmersdelight:rope":1,"minecraft:mossy_cobblestone_stairs":1,"minecraft:iron_axe":44,"minecraft:smooth_quartz":7,"minecraft:golden_carrot":11,"farmersdelight:cooking_pot":3,"minecraft:cooked_beef":8,"minecraft:cobbled_deepslate":3,"minecraft:pumpkin":1,"minecraft:cooked_mutton":12,"minecraft:yellow_banner":3,"butchercraft:cow_hide":1,"minecraft:lead":2,"minecraft:red_nether_bricks":2,"minecraft:andesite_slab":5,"minecraft:cracked_stone_bricks":1,"minecraft:polished_deepslate_slab":4,"farmersdelight:onion":17,"minecraft:tnt":1,"minecraft:crafting_table":17,"minecraft:white_bed":12,"butchercraft:cooked_beef_roast":2,"minecraft:mud":1,"minecraft:piston":9,"minecraft:diamond_shovel":143,"minecraft:diamond_pickaxe":59,"minecraft:apple":7,"minecraft:iron_pickaxe":251,"minecraft:golden_leggings":1,"minecraft:stone_axe":92,"butchercraft:bone_saw":1,"minecraft:cobblestone":120,"butchercraft:cooked_beef_ribs":2,"minecraft:cooked_porkchop":6,"minecraft:splash_potion":1,"minecraft:smooth_stone":1},"minecraft:mined":{"minecraft:spruce_planks":2,"minecraft:stone_pressure_plate":2,"minecraft:white_bed":10,"minecraft:farmland":2,"minecraft:red_nether_bricks":2,"farmersdelight:canvas_rug":1,"minecraft:granite":21,"minecraft:acacia_log":1,"minecraft:grass_block":114,"minecraft:infested_cobblestone":2,"minecraft:oxeye_daisy":2,"minecraft:red_stained_glass_pane":1,"minecraft:spawner":6,"minecraft:smooth_stone":1,"minecraft:weeping_vines_plant":2,"minecraft:mossy_cobblestone_stairs":1,"gamingdeco:modern_tv":1,"minecraft:iron_ore":3,"minecraft:sticky_piston":4,"minecraft:cobbled_deepslate":2,"minecraft:azure_bluet":5,"minecraft:dark_oak_stairs":2,"minecraft:red_tulip":5,"minecraft:cave_vines":1,"minecraft:iron_bars":8,"minecraft:light_gray_concrete":2,"minecraft:pink_tulip":3,"minecraft:potted_cornflower":1,"cfm:oak_kitchen_counter":1,"minecraft:player_head":2,"minecraft:orange_bed":2,"minecraft:deepslate_redstone_ore":4,"minecraft:yellow_banner":1,"minecraft:torch":15,"minecraft:poppy":13,"minecraft:melon":8,"minecraft:chest":3,"minecraft:white_stained_glass_pane":1,"minecraft:cobblestone":40,"minecraft:oak_planks":18,"minecraft:iron_door":2,"minecraft:wall_torch":33,"minecraft:skeleton_skull":2,"minecraft:white_terracotta":1,"minecraft:repeater":1,"minecraft:mud":1,"minecraft:birch_log":5,"minecraft:lilac":1,"born_in_chaos_v1:river_mint":1,"minecraft:orange_tulip":6,"minecraft:grass":48,"minecraft:oak_log":21,"minecraft:dirt":57,"minecraft:sand":1,"minecraft:smooth_quartz":6,"gamingdeco:playtics_station_next_gen_off":2,"slenderman:slender_planks":2,"minecraft:piston":9,"minecraft:deepslate":149,"minecraft:cyan_candle":1,"minecraft:oak_leaves":14,"minecraft:tuff":94,"minecraft:red_carpet":22,"minecraft:yellow_wall_banner":2,"minecraft:deepslate_diamond_ore":3,"butchercraft:meat_hook":1,"minecraft:mangrove_roots":2,"minecraft:dark_oak_fence":8,"born_in_chaos_v1:fel_soil":101,"minecraft:redstone_wire":1,"minecraft:polished_andesite_slab":5,"minecraft:moss_block":1,"butchercraft:cow_hide_carpet":2,"minecraft:hay_block":16,"farmersdelight:wild_onions":14,"minecraft:black_stained_glass_pane":4,"minecraft:furnace":3,"minecraft:carrots":1,"minecraft:andesite":6,"minecraft:bookshelf":31,"minecraft:white_tulip":4,"minecraft:stone":195,"farmersdelight:cooking_pot":1,"minecraft:redstone_block":3,"minecraft:soul_sand":1,"minecraft:dandelion":6,"minecraft:oak_fence":4,"minecraft:crafting_table":16,"minecraft:cornflower":3,"minecraft:emerald_ore":9,"minecraft:dropper":1,"minecraft:rose_bush":4,"minecraft:andesite_slab":5,"minecraft:tall_grass":10,"minecraft:lapis_ore":5,"minecraft:diorite":9,"cfm:oak_kitchen_sink_light":1,"minecraft:coarse_dirt":4,"graveyard:skull_with_rib_cage":1,"minecraft:birch_leaves":6,"gamingchairs2:pantallaconaltavocesturquesa":2,"minecraft:coal_ore":4,"minecraft:cocoa":2,"minecraft:gravel":34,"minecraft:stone_bricks":2,"minecraft:mossy_stone_bricks":1,"minecraft:fern":1},"minecraft:dropped":{"minecraft:iron_sword":2,"minecraft:cooked_beef":29,"minecraft:chorus_fruit":1,"minecraft:diamond":3,"minecraft:crafting_table":1,"minecraft:leather":3,"minecraft:saddle":1,"born_in_chaos_v1:monster_flesh":18,"minecraft:dirt":517,"butchercraft:cooked_beef_roast":6,"minecraft:cornflower":1,"minecraft:mutton":4,"born_in_chaos_v1:fel_lamp":1,"minecraft:phantom_membrane":1,"minecraft:sand":4,"butchercraft:beef_roast":1,"minecraft:iron_pickaxe":2,"minecraft:fermented_spider_eye":2,"minecraft:birch_log":2,"minecraft:white_wool":2,"minecraft:bone":18,"minecraft:gravel":40,"minecraft:stone_axe":1,"minecraft:goat_horn":1,"minecraft:iron_nugget":6,"minecraft:cobbled_deepslate":621,"minecraft:andesite_slab":3,"minecraft:wheat":1,"minecraft:rotten_flesh":49,"minecraft:white_candle":4,"minecraft:white_bed":3,"minecraft:carrot":11,"minecraft:poppy":3,"butchercraft:cooked_beef_ribs":4,"born_in_chaos_v1:seedof_chaos":2,"minecraft:chest":1,"minecraft:white_dye":1,"minecraft:arrow":8,"butchercraft:cooked_beef_stewmeat":6,"moguns:45acp":44,"minecraft:wheat_seeds":35,"minecraft:lilac":1,"simpletomb:grave_key":1,"minecraft:book":6,"minecraft:cobblestone":191,"gamingchairs2:pantallaconaltavocesturquesa":2,"gamingdeco:playtics_station_next_gen_off":2,"minecraft:granite":40,"minecraft:spruce_door":2,"born_in_chaos_v1:soul_cutlass":1,"minecraft:coal":1,"minecraft:golden_apple":2,"minecraft:stick":7,"gamingdeco:modern_tv":1,"minecraft:diorite":2,"born_in_chaos_v1:river_mint":1,"minecraft:torch":7,"born_in_chaos_v1:staffofthe_summoner":1,"minecraft:smooth_quartz":2,"minecraft:rose_bush":40,"minecraft:iron_leggings":2,"minecraft:string":2,"born_in_chaos_v1:fel_soil":100,"minecraft:player_head":2,"minecraft:stone_sword":2,"minecraft:cocoa_beans":6,"minecraft:bowl":1,"minecraft:tuff":320,"born_in_chaos_v1:rotten_fish":2,"minecraft:stone_shovel":1,"minecraft:iron_boots":2,"minecraft:light_gray_concrete":3,"minecraft:cobbled_deepslate_slab":8,"minecraft:diamond_sword":3,"minecraft:potato":6,"minecraft:shield":1,"minecraft:flower_pot":1,"minecraft:allium":7,"butchercraft:pork_tenderloin":7,"minecraft:iron_chestplate":1,"sanitydim:garland":5,"minecraft:oak_sapling":3,"minecraft:spider_eye":1,"minecraft:stone_pressure_plate":42,"minecraft:stone_bricks":1,"minecraft:slime_ball":8,"minecraft:stone_pickaxe":10,"minecraft:wooden_pickaxe":2,"butchercraft:tongue":1},"minecraft:picked_up":{"minecraft:wheat":5,"minecraft:redstone_block":4,"minecraft:flower_pot":1,"minecraft:anvil":1,"butchercraft:pork_ribs":6,"minecraft:diamond_sword":2,"minecraft:lead":16,"gamingdeco:playtics_station_next_gen_off":2,"minecraft:enchanted_book":2,"butchercraft:cooked_beef_ribs":6,"butchercraft:pork_scraps":14,"butchercraft:tongue":3,"butchercraft:cow_carcass":1,"minecraft:string":19,"minecraft:cooked_salmon":1,"minecraft:red_nether_bricks":2,"minecraft:iron_leggings":2,"minecraft:sticky_piston":3,"cfm:oak_kitchen_counter":1,"minecraft:pufferfish":1,"minecraft:beetroot":1,"minecraft:smooth_stone":1,"minecraft:cobbled_deepslate":624,"minecraft:spruce_planks":1,"minecraft:white_tulip":5,"minecraft:rose_bush":44,"minecraft:smooth_quartz":9,"butchercraft:fat":27,"minecraft:iron_pickaxe":1,"minecraft:melon_slice":37,"minecraft:iron_boots":1,"minecraft:furnace":3,"minecraft:stick":6,"minecraft:oak_fence":3,"minecraft:torch":68,"minecraft:acacia_log":1,"minecraft:porkchop":14,"born_in_chaos_v1:fel_soil":100,"minecraft:diorite":2,"minecraft:yellow_banner":3,"minecraft:orange_bed":2,"butchercraft:meat_hook_item":1,"born_in_chaos_v1:fried_maggot":1,"minecraft:rotten_flesh":52,"farmersdelight:onion":13,"minecraft:red_tulip":4,"farmersdelight:rope":1,"minecraft:mangrove_roots":2,"minecraft:iron_bars":8,"butchercraft:pork_tenderloin":3,"minecraft:cobblestone":352,"minecraft:birch_log":5,"butchercraft:tripe":24,"minecraft:feather":2,"minecraft:lilac":1,"minecraft:cooked_beef":52,"minecraft:iron_door":2,"minecraft:andesite":4,"butchercraft:cooked_beef_roast":21,"minecraft:potato":6,"farmersdelight:bacon":11,"butchercraft:cow_hide":4,"minecraft:flint":2,"minecraft:tuff":351,"minecraft:lapis_lazuli":34,"minecraft:dirt":682,"born_in_chaos_v1:staffofthe_summoner":1,"minecraft:name_tag":3,"born_in_chaos_v1:monster_skin":1,"minecraft:bone":73,"minecraft:acacia_planks":6,"minecraft:wheat_seeds":35,"minecraft:orange_tulip":5,"minecraft:cobbled_deepslate_slab":8,"butchercraft:stomache":9,"minecraft:cyan_candle":3,"gamingchairs2:pantallaconaltavocesturquesa":2,"minecraft:oak_planks":136,"minecraft:cooked_porkchop":6,"butchercraft:beef_stewmeat":24,"butchercraft:heart":2,"minecraft:sand":17,"minecraft:fermented_spider_eye":2,"slenderman:slender_planks":2,"minecraft:light_gray_concrete":3,"minecraft:white_candle":4,"minecraft:diamond":13,"minecraft:slime_block":1,"minecraft:lever":1,"minecraft:granite":40,"minecraft:bone_meal":1,"minecraft:golden_apple":3,"minecraft:emerald":17,"minecraft:bread":9,"minecraft:oak_sapling":7,"born_in_chaos_v1:rotten_fish":1,"minecraft:dark_oak_fence":8,"butchercraft:cooked_beef_stewmeat":6,"minecraft:andesite_slab":8,"minecraft:crafting_table":16,"minecraft:cocoa_beans":6,"minecraft:mud":1,"minecraft:coarse_dirt":5,"minecraft:allium":31,"minecraft:azure_bluet":5,"minecraft:chicken":3,"born_in_chaos_v1:river_mint":1,"butchercraft:cubed_beef":9,"born_in_chaos_v1:seedof_chaos":2,"minecraft:redstone_lamp":1,"moguns:45acp":44,"minecraft:wooden_pickaxe":1,"minecraft:cornflower":4,"minecraft:item_frame":1,"butchercraft:beef_roast":43,"graveyard:hanged_skeleton":1,"graveyard:corruption":1,"minecraft:cracked_stone_bricks":1,"farmersdelight:beef_patty":2,"butchercraft:brain":1,"minecraft:beef":133,"butchercraft:kidney":4,"minecraft:player_head":3,"butchercraft:pork_stewmeat":10,"minecraft:poppy":22,"minecraft:chest":3,"farmersdelight:golden_knife":1,"minecraft:piston":37,"minecraft:phantom_membrane":1,"butchercraft:cubed_pork":4,"minecraft:egg":5,"minecraft:raw_iron":3,"butchercraft:horn":2,"minecraft:polished_deepslate_slab":4,"farmersdelight:minced_beef":2,"minecraft:bowl":1,"butchercraft:sinew":33,"minecraft:carrot":1,"minecraft:redstone":17,"butchercraft:lung":4,"minecraft:stone_pressure_plate":42,"butchercraft:pork_roast":10,"minecraft:tnt":1,"minecraft:arrow":12,"minecraft:hay_block":16,"minecraft:pink_tulip":3,"cfm:oak_kitchen_sink_light":1,"born_in_chaos_v1:spiny_shell":3,"minecraft:saddle":1,"butchercraft:beef_scraps":61,"minecraft:glow_berries":1,"minecraft:mutton":18,"minecraft:oxeye_daisy":2,"minecraft:skeleton_skull":2,"minecraft:white_wool":13,"knight_quest:kq_diamon_repair":1,"born_in_chaos_v1:corpse_maggot":16,"born_in_chaos_v1:monster_flesh":12,"born_in_chaos_v1:pumpkin_staff":1,"minecraft:leather":8,"minecraft:mushroom_stew":1,"butchercraft:pig_hide":1,"minecraft:oak_log":21,"simpletomb:grave_key":1,"farmersdelight:skillet":1,"sanitydim:garland":6,"minecraft:red_carpet":18,"born_in_chaos_v1:soul_cutlass":1,"gamingdeco:modern_tv":1,"minecraft:stone_bricks":5,"farmersdelight:cooking_pot":1,"minecraft:iron_ingot":236,"minecraft:stone_pickaxe":11,"minecraft:cooked_chicken":2,"butchercraft:liver":2,"born_in_chaos_v1:fel_lamp":1,"minecraft:polished_andesite_slab":1,"minecraft:iron_sword":1,"minecraft:dark_oak_stairs":2,"minecraft:book":84,"minecraft:pumpkin":1,"born_in_chaos_v1:ethereal_spirit":3,"minecraft:dandelion":7,"minecraft:gravel":58,"butchercraft:oxtail":3,"minecraft:white_bed":12,"minecraft:spruce_door":2,"minecraft:spider_eye":1,"butchercraft:beef_ribs":12,"butchercraft:leather_scrap":43,"minecraft:slime_ball":8,"knight_quest:kq_great_essence":7,"minecraft:mossy_cobblestone_stairs":1,"minecraft:black_wool":1,"minecraft:coal":11,"minecraft:ender_pearl":9},"minecraft:broken":{"minecraft:iron_chestplate":1,"sanitydim:garland":9,"minecraft:stone_pickaxe":3},"minecraft:killed_by":{"midnightlurker:midnight_lurker_aggressive":1,"born_in_chaos_v1:nightmare_stalker":3,"sanitydim:rotting_stalker":3,"graveyard:skeleton_creeper":1,"sanitydim:sneaking_terror":1,"the_one_who_watches:toww_running":7,"minecraft:zombie":3,"born_in_chaos_v1:supreme_bonescaller_stage_2":1,"minecraft:husk":1,"minecraft:player":9,"minecraft:stray":2,"graveyard:ghoul":1,"minecraft:skeleton":2,"minecraft:phantom":1}},"DataVersion":3120}