{"stats":{"minecraft:picked_up":{"minecraft:wheat":1,"minecraft:flower_pot":1,"minecraft:lead":4,"minecraft:diamond_sword":2,"minecraft:string":14,"minecraft:cooked_salmon":1,"minecraft:iron_leggings":2,"minecraft:sticky_piston":1,"minecraft:beetroot":1,"minecraft:cobbled_deepslate":624,"minecraft:smooth_stone":1,"minecraft:spruce_planks":1,"minecraft:white_tulip":5,"minecraft:rose_bush":44,"minecraft:smooth_quartz":9,"minecraft:melon_slice":23,"minecraft:furnace":3,"minecraft:iron_boots":1,"minecraft:stick":3,"minecraft:oak_fence":3,"minecraft:torch":60,"born_in_chaos_v1:fel_soil":100,"minecraft:diorite":2,"minecraft:rotten_flesh":15,"farmersdelight:onion":13,"minecraft:red_tulip":3,"minecraft:mangrove_roots":2,"farmersdelight:rope":1,"minecraft:cobblestone":338,"minecraft:birch_log":5,"minecraft:lilac":1,"minecraft:iron_door":2,"minecraft:andesite":4,"minecraft:potato":6,"minecraft:flint":2,"minecraft:tuff":351,"minecraft:lapis_lazuli":34,"minecraft:dirt":676,"born_in_chaos_v1:staffofthe_summoner":1,"minecraft:name_tag":3,"minecraft:bone":19,"minecraft:acacia_planks":6,"minecraft:orange_tulip":5,"minecraft:wheat_seeds":29,"minecraft:oak_planks":132,"minecraft:cooked_porkchop":6,"minecraft:sand":2,"minecraft:fermented_spider_eye":1,"slenderman:slender_planks":2,"minecraft:light_gray_concrete":3,"minecraft:white_candle":4,"minecraft:diamond":13,"minecraft:slime_block":1,"minecraft:lever":1,"minecraft:granite":40,"minecraft:golden_apple":1,"minecraft:emerald":17,"minecraft:oak_sapling":7,"born_in_chaos_v1:rotten_fish":1,"minecraft:andesite_slab":4,"minecraft:cocoa_beans":6,"minecraft:crafting_table":15,"minecraft:allium":31,"minecraft:azure_bluet":5,"born_in_chaos_v1:river_mint":1,"minecraft:redstone_lamp":1,"moguns:45acp":44,"minecraft:wooden_pickaxe":1,"minecraft:cornflower":4,"graveyard:corruption":1,"minecraft:cracked_stone_bricks":1,"minecraft:beef":5,"minecraft:poppy":11,"minecraft:chest":3,"minecraft:phantom_membrane":1,"minecraft:piston":30,"minecraft:carrot":1,"minecraft:redstone":17,"minecraft:stone_pressure_plate":42,"minecraft:tnt":1,"minecraft:arrow":10,"minecraft:hay_block":2,"minecraft:pink_tulip":3,"minecraft:saddle":1,"minecraft:mutton":18,"minecraft:glow_berries":1,"minecraft:skeleton_skull":2,"minecraft:white_wool":13,"minecraft:oxeye_daisy":2,"born_in_chaos_v1:corpse_maggot":4,"born_in_chaos_v1:pumpkin_staff":1,"minecraft:leather":8,"minecraft:oak_log":21,"simpletomb:grave_key":1,"sanitydim:garland":6,"minecraft:red_carpet":18,"born_in_chaos_v1:soul_cutlass":1,"minecraft:stone_bricks":5,"minecraft:stone_pickaxe":11,"minecraft:iron_ingot":22,"minecraft:cooked_chicken":2,"born_in_chaos_v1:fel_lamp":1,"minecraft:iron_sword":1,"minecraft:dark_oak_stairs":2,"minecraft:book":6,"minecraft:pumpkin":1,"born_in_chaos_v1:ethereal_spirit":1,"minecraft:dandelion":5,"minecraft:gravel":58,"minecraft:white_bed":12,"minecraft:spider_eye":1,"minecraft:slime_ball":8,"knight_quest:kq_great_essence":5,"minecraft:mossy_cobblestone_stairs":1,"minecraft:coal":7},"minecraft:crafted":{"minecraft:oak_planks":84,"minecraft:diamond_shovel":1,"minecraft:cooked_mutton":12,"sophisticatedbackpacks:smelting_upgrade":1,"minecraft:iron_boots":1,"minecraft:chest":1,"minecraft:oak_fence":3,"sophisticatedbackpacks:backpack":2,"minecraft:crafting_table":3,"minecraft:wooden_pickaxe":1,"sophisticatedbackpacks:upgrade_base":1,"minecraft:iron_chestplate":1,"minecraft:charcoal":3,"minecraft:diamond_pickaxe":1,"minecraft:shield":2,"sophisticatedbackpacks:diamond_backpack":1,"minecraft:stick":32,"minecraft:iron_pickaxe":1,"minecraft:iron_ingot":3,"minecraft:stone_sword":2,"minecraft:stone_shovel":1,"born_in_chaos_v1:nightmare_mantleofthe_night_boots":1,"minecraft:furnace":3,"sanitydim:garland":7,"born_in_chaos_v1:fried_maggot":8,"minecraft:slime_ball":9,"minecraft:stone_pickaxe":3,"minecraft:lead":2,"sophisticatedbackpacks:iron_backpack":1,"minecraft:cooked_beef":2,"minecraft:diamond_sword":1,"minecraft:iron_sword":1,"sophisticatedbackpacks:gold_backpack":1,"minecraft:stone_axe":1,"minecraft:bread":4,"minecraft:air":0,"minecraft:white_dye":1,"minecraft:iron_leggings":1,"minecraft:white_bed":3,"minecraft:torch":12},"minecraft:dropped":{"minecraft:iron_sword":2,"minecraft:diamond":1,"minecraft:crafting_table":1,"minecraft:saddle":1,"born_in_chaos_v1:monster_flesh":2,"minecraft:dirt":517,"minecraft:cornflower":1,"minecraft:mutton":4,"born_in_chaos_v1:fel_lamp":1,"minecraft:phantom_membrane":1,"minecraft:sand":1,"minecraft:iron_pickaxe":1,"minecraft:fermented_spider_eye":1,"minecraft:birch_log":2,"minecraft:white_wool":2,"minecraft:bone":16,"minecraft:gravel":40,"minecraft:iron_nugget":6,"minecraft:cobbled_deepslate":621,"minecraft:andesite_slab":1,"minecraft:wheat":1,"minecraft:rotten_flesh":13,"minecraft:white_candle":4,"minecraft:white_bed":3,"minecraft:carrot":11,"minecraft:poppy":3,"minecraft:arrow":8,"moguns:45acp":44,"minecraft:wheat_seeds":28,"minecraft:lilac":1,"simpletomb:grave_key":1,"minecraft:cobblestone":191,"minecraft:granite":40,"born_in_chaos_v1:soul_cutlass":1,"minecraft:coal":1,"minecraft:golden_apple":1,"minecraft:stick":4,"born_in_chaos_v1:river_mint":1,"minecraft:diorite":2,"minecraft:torch":7,"born_in_chaos_v1:staffofthe_summoner":1,"minecraft:rose_bush":40,"minecraft:smooth_quartz":2,"minecraft:iron_leggings":2,"minecraft:string":2,"born_in_chaos_v1:fel_soil":100,"minecraft:stone_sword":2,"minecraft:cocoa_beans":6,"minecraft:tuff":320,"minecraft:stone_shovel":1,"born_in_chaos_v1:rotten_fish":1,"minecraft:iron_boots":2,"minecraft:light_gray_concrete":3,"minecraft:diamond_sword":2,"minecraft:potato":6,"minecraft:shield":1,"minecraft:flower_pot":1,"minecraft:allium":7,"minecraft:iron_chestplate":1,"sanitydim:garland":5,"minecraft:oak_sapling":3,"minecraft:stone_pressure_plate":42,"minecraft:stone_bricks":1,"minecraft:spider_eye":1,"minecraft:slime_ball":8,"minecraft:stone_pickaxe":10,"minecraft:wooden_pickaxe":2},"minecraft:killed_by":{"midnightlurker:midnight_lurker_aggressive":1,"born_in_chaos_v1:nightmare_stalker":3,"sanitydim:rotting_stalker":2,"the_one_who_watches:toww_running":5,"minecraft:zombie":2,"born_in_chaos_v1:supreme_bonescaller_stage_2":1,"minecraft:husk":1,"minecraft:player":6,"minecraft:stray":2,"graveyard:ghoul":1,"minecraft:skeleton":2,"minecraft:phantom":1},"minecraft:used":{"minecraft:beetroot":1,"minecraft:chest":2,"minecraft:shield":48,"minecraft:iron_sword":15,"minecraft:rotten_flesh":2,"sanitydim:garland":1,"minecraft:carrot":6,"minecraft:allium":7,"minecraft:tuff":31,"born_in_chaos_v1:smoked_flesh":20,"minecraft:stone_bricks":4,"minecraft:redstone_lamp":1,"minecraft:hay_block":2,"minecraft:mangrove_roots":2,"minecraft:furnace":5,"born_in_chaos_v1:fel_lamp":1,"minecraft:oak_sapling":2,"minecraft:dark_oak_stairs":2,"minecraft:stone_pickaxe":431,"minecraft:oak_planks":41,"minecraft:wooden_pickaxe":10,"minecraft:white_wool":1,"minecraft:glow_berries":1,"minecraft:golden_hoe":12,"minecraft:sand":1,"minecraft:note_block":2,"minecraft:sticky_piston":1,"minecraft:lever":1,"minecraft:bread":5,"minecraft:melon_slice":23,"minecraft:gravel":18,"minecraft:diamond_sword":101,"minecraft:andesite":3,"minecraft:oak_fence":5,"minecraft:rose_bush":4,"minecraft:stone_sword":85,"minecraft:stone_shovel":51,"minecraft:spruce_planks":1,"born_in_chaos_v1:fried_maggot":8,"minecraft:cooked_salmon":1,"minecraft:cooked_chicken":2,"simpletomb:grave_key":19,"minecraft:torch":63,"minecraft:dirt":97,"slenderman:slender_planks":2,"farmersdelight:rope":1,"minecraft:mossy_cobblestone_stairs":1,"minecraft:smooth_quartz":7,"minecraft:golden_carrot":5,"minecraft:cooked_beef":2,"minecraft:cobbled_deepslate":3,"minecraft:pumpkin":1,"minecraft:cooked_mutton":12,"minecraft:lead":1,"minecraft:andesite_slab":3,"minecraft:cracked_stone_bricks":1,"farmersdelight:onion":17,"minecraft:tnt":1,"minecraft:crafting_table":17,"minecraft:white_bed":12,"minecraft:diamond_shovel":138,"minecraft:iron_pickaxe":250,"minecraft:golden_leggings":1,"minecraft:stone_axe":89,"minecraft:cobblestone":106,"minecraft:cooked_porkchop":6,"minecraft:splash_potion":1,"minecraft:smooth_stone":1},"minecraft:broken":{"sanitydim:garland":8,"minecraft:stone_pickaxe":3},"minecraft:killed":{"born_in_chaos_v1:mr_pumpkin":1,"born_in_chaos_v1:restless_spirit":1,"born_in_chaos_v1:sir_the_headless":1,"minecraft:spider":4,"minecraft:skeleton":2,"minecraft:silverfish":7,"born_in_chaos_v1:firelight_not_despawn":2,"minecraft:iron_golem":1,"minecraft:creeper":1,"kevin_trophy:blister_zombie":1,"minecraft:sheep":13,"minecraft:zombie":2,"born_in_chaos_v1:corpse_fly":1,"minecraft:stray":1,"minecraft:cow":3,"born_in_chaos_v1:maggot":4,"minecraft:phantom":1,"born_in_chaos_v1:pumpkinhead":1,"minecraft:horse":3,"minecraft:husk":1,"graveyard:ghoul":1,"born_in_chaos_v1:bone_imp_minion":1},"minecraft:custom":{"minecraft:interact_with_crafting_table":64,"minecraft:open_barrel":12,"minecraft:bell_ring":1,"minecraft:leave_game":4,"minecraft:time_since_death":27931,"minecraft:sprint_one_cm":703183,"minecraft:damage_blocked_by_shield":1775,"minecraft:drop":167,"minecraft:talked_to_villager":14,"minecraft:play_time":378712,"minecraft:deaths":31,"minecraft:jump":4692,"minecraft:walk_on_water_one_cm":72502,"minecraft:interact_with_furnace":37,"minecraft:traded_with_villager":1,"minecraft:sleep_in_bed":18,"minecraft:damage_dealt":7956,"minecraft:player_kills":2,"minecraft:crouch_one_cm":38146,"minecraft:horse_one_cm":2044588,"minecraft:interact_with_smithing_table":1,"minecraft:mob_kills":57,"minecraft:inspect_hopper":1,"minecraft:damage_dealt_resisted":630,"minecraft:climb_one_cm":19212,"minecraft:walk_one_cm":904460,"minecraft:sneak_time":19673,"minecraft:walk_under_water_one_cm":77175,"minecraft:interact_with_blast_furnace":1,"minecraft:total_world_time":378712,"minecraft:tune_noteblock":32,"minecraft:interact_with_stonecutter":1,"minecraft:time_since_rest":25005,"minecraft:damage_taken":17456,"minecraft:swim_one_cm":69084,"minecraft:fly_one_cm":733126,"minecraft:open_chest":74,"minecraft:fall_one_cm":183446},"minecraft:mined":{"minecraft:stone_pressure_plate":2,"minecraft:spruce_planks":2,"minecraft:white_bed":10,"minecraft:farmland":2,"minecraft:granite":21,"minecraft:grass_block":113,"minecraft:infested_cobblestone":2,"minecraft:oxeye_daisy":2,"minecraft:red_stained_glass_pane":1,"minecraft:spawner":5,"minecraft:smooth_stone":1,"minecraft:weeping_vines_plant":2,"minecraft:mossy_cobblestone_stairs":1,"minecraft:sticky_piston":1,"minecraft:cobbled_deepslate":2,"minecraft:azure_bluet":5,"minecraft:dark_oak_stairs":2,"minecraft:red_tulip":4,"minecraft:cave_vines":1,"minecraft:light_gray_concrete":2,"minecraft:pink_tulip":3,"minecraft:potted_cornflower":1,"minecraft:deepslate_redstone_ore":4,"minecraft:torch":12,"minecraft:poppy":10,"minecraft:melon":5,"minecraft:chest":3,"minecraft:cobblestone":37,"minecraft:oak_planks":14,"minecraft:iron_door":2,"minecraft:wall_torch":31,"minecraft:skeleton_skull":2,"minecraft:white_terracotta":1,"minecraft:repeater":1,"minecraft:birch_log":5,"minecraft:lilac":1,"born_in_chaos_v1:river_mint":1,"minecraft:orange_tulip":6,"minecraft:grass":36,"minecraft:oak_log":21,"minecraft:sand":1,"minecraft:dirt":52,"minecraft:smooth_quartz":6,"slenderman:slender_planks":2,"minecraft:piston":2,"minecraft:oak_leaves":14,"minecraft:deepslate":149,"minecraft:red_carpet":22,"minecraft:tuff":94,"minecraft:deepslate_diamond_ore":3,"minecraft:mangrove_roots":2,"born_in_chaos_v1:fel_soil":101,"minecraft:redstone_wire":1,"minecraft:polished_andesite_slab":4,"minecraft:moss_block":1,"minecraft:hay_block":2,"farmersdelight:wild_onions":14,"minecraft:black_stained_glass_pane":4,"minecraft:furnace":3,"minecraft:carrots":1,"minecraft:andesite":6,"minecraft:bookshelf":5,"minecraft:stone":180,"minecraft:white_tulip":4,"minecraft:soul_sand":1,"minecraft:dandelion":5,"minecraft:cornflower":3,"minecraft:oak_fence":4,"minecraft:crafting_table":15,"minecraft:emerald_ore":9,"minecraft:dropper":1,"minecraft:rose_bush":4,"minecraft:andesite_slab":4,"minecraft:tall_grass":10,"minecraft:lapis_ore":5,"minecraft:diorite":9,"minecraft:birch_leaves":6,"minecraft:cocoa":2,"minecraft:gravel":34,"minecraft:stone_bricks":2,"minecraft:mossy_stone_bricks":1,"minecraft:fern":1}},"DataVersion":3120}