{"stats":{"minecraft:mined":{"minecraft:spruce_planks":2,"minecraft:red_carpet":22,"minecraft:tuff":94,"minecraft:white_bed":7,"minecraft:stone_pressure_plate":2,"minecraft:farmland":2,"minecraft:deepslate_diamond_ore":3,"minecraft:granite":21,"minecraft:grass_block":62,"minecraft:infested_cobblestone":2,"born_in_chaos_v1:fel_soil":101,"minecraft:redstone_wire":1,"minecraft:polished_andesite_slab":4,"minecraft:moss_block":1,"minecraft:red_stained_glass_pane":1,"minecraft:spawner":5,"minecraft:smooth_stone":1,"farmersdelight:wild_onions":14,"minecraft:black_stained_glass_pane":4,"minecraft:weeping_vines_plant":2,"minecraft:furnace":3,"minecraft:mossy_cobblestone_stairs":1,"minecraft:sticky_piston":1,"minecraft:cobbled_deepslate":2,"minecraft:andesite":6,"minecraft:dark_oak_stairs":2,"minecraft:bookshelf":5,"minecraft:red_tulip":4,"minecraft:cave_vines":1,"minecraft:light_gray_concrete":2,"minecraft:pink_tulip":3,"minecraft:potted_cornflower":1,"minecraft:white_tulip":4,"minecraft:stone":180,"minecraft:deepslate_redstone_ore":4,"minecraft:soul_sand":1,"minecraft:oak_fence":1,"minecraft:crafting_table":14,"minecraft:torch":10,"minecraft:emerald_ore":9,"minecraft:dropper":1,"minecraft:poppy":9,"minecraft:melon":4,"minecraft:chest":3,"minecraft:rose_bush":4,"minecraft:andesite_slab":4,"minecraft:tall_grass":6,"minecraft:cobblestone":37,"minecraft:lapis_ore":5,"minecraft:oak_planks":14,"minecraft:diorite":9,"minecraft:iron_door":2,"minecraft:wall_torch":31,"minecraft:white_terracotta":1,"minecraft:skeleton_skull":2,"minecraft:repeater":1,"minecraft:birch_log":5,"minecraft:lilac":1,"minecraft:birch_leaves":6,"born_in_chaos_v1:river_mint":1,"minecraft:orange_tulip":6,"minecraft:grass":25,"minecraft:oak_log":21,"minecraft:cocoa":2,"minecraft:sand":1,"minecraft:smooth_quartz":6,"minecraft:dirt":23,"minecraft:gravel":34,"minecraft:stone_bricks":2,"minecraft:mossy_stone_bricks":1,"minecraft:piston":2,"minecraft:oak_leaves":8,"minecraft:deepslate":149},"minecraft:killed_by":{"minecraft:player":5,"minecraft:stray":2,"sanitydim:rotting_stalker":1,"minecraft:skeleton":2,"the_one_who_watches:toww_running":1,"born_in_chaos_v1:supreme_bonescaller_stage_2":1},"minecraft:custom":{"minecraft:interact_with_smithing_table":1,"minecraft:mob_kills":39,"minecraft:inspect_hopper":1,"minecraft:interact_with_crafting_table":46,"minecraft:open_barrel":4,"minecraft:bell_ring":1,"minecraft:damage_dealt_resisted":482,"minecraft:leave_game":3,"minecraft:time_since_death":24120,"minecraft:climb_one_cm":10791,"minecraft:sprint_one_cm":551029,"minecraft:walk_one_cm":669332,"minecraft:damage_blocked_by_shield":790,"minecraft:drop":130,"minecraft:talked_to_villager":14,"minecraft:play_time":270006,"minecraft:deaths":12,"minecraft:sneak_time":12901,"minecraft:walk_under_water_one_cm":36373,"minecraft:jump":3531,"minecraft:interact_with_blast_furnace":1,"minecraft:walk_on_water_one_cm":37823,"minecraft:total_world_time":270006,"minecraft:interact_with_furnace":28,"minecraft:traded_with_villager":1,"minecraft:tune_noteblock":29,"minecraft:interact_with_stonecutter":1,"minecraft:sleep_in_bed":13,"minecraft:time_since_rest":15619,"minecraft:damage_taken":7517,"minecraft:damage_dealt":7340,"minecraft:player_kills":2,"minecraft:swim_one_cm":40486,"minecraft:fly_one_cm":551204,"minecraft:open_chest":61,"minecraft:crouch_one_cm":24747,"minecraft:fall_one_cm":103306,"minecraft:horse_one_cm":1226270},"minecraft:used":{"minecraft:oak_fence":1,"minecraft:rose_bush":4,"minecraft:stone_sword":85,"minecraft:stone_shovel":51,"minecraft:spruce_planks":1,"minecraft:chest":2,"minecraft:shield":17,"minecraft:iron_sword":13,"born_in_chaos_v1:fried_maggot":7,"minecraft:cooked_salmon":1,"minecraft:cooked_chicken":2,"minecraft:rotten_flesh":2,"simpletomb:grave_key":10,"minecraft:torch":60,"minecraft:dirt":69,"sanitydim:garland":1,"minecraft:allium":7,"minecraft:tuff":31,"farmersdelight:rope":1,"minecraft:mossy_cobblestone_stairs":1,"born_in_chaos_v1:smoked_flesh":18,"minecraft:smooth_quartz":7,"minecraft:stone_bricks":3,"minecraft:redstone_lamp":1,"minecraft:golden_carrot":1,"born_in_chaos_v1:fel_lamp":1,"minecraft:furnace":5,"minecraft:oak_sapling":2,"minecraft:cooked_beef":2,"minecraft:cobbled_deepslate":3,"minecraft:pumpkin":1,"minecraft:cooked_mutton":4,"minecraft:dark_oak_stairs":2,"minecraft:stone_pickaxe":431,"minecraft:oak_planks":34,"minecraft:andesite_slab":3,"minecraft:wooden_pickaxe":10,"minecraft:white_wool":1,"minecraft:glow_berries":1,"farmersdelight:onion":17,"minecraft:golden_hoe":12,"minecraft:sand":1,"minecraft:tnt":1,"minecraft:crafting_table":15,"minecraft:white_bed":8,"minecraft:note_block":2,"minecraft:sticky_piston":1,"minecraft:lever":1,"minecraft:diamond_shovel":63,"minecraft:bread":5,"minecraft:melon_slice":16,"minecraft:iron_pickaxe":250,"minecraft:gravel":18,"minecraft:golden_leggings":1,"minecraft:stone_axe":76,"minecraft:diamond_sword":87,"minecraft:cobblestone":103,"minecraft:cooked_porkchop":6,"minecraft:andesite":3,"minecraft:smooth_stone":1},"minecraft:dropped":{"minecraft:iron_sword":1,"minecraft:wheat_seeds":4,"minecraft:lilac":1,"minecraft:diamond":1,"minecraft:cobblestone":191,"minecraft:granite":40,"minecraft:saddle":1,"born_in_chaos_v1:soul_cutlass":1,"minecraft:stick":4,"born_in_chaos_v1:monster_flesh":2,"minecraft:dirt":46,"minecraft:diorite":2,"minecraft:torch":7,"minecraft:cornflower":1,"born_in_chaos_v1:staffofthe_summoner":1,"minecraft:smooth_quartz":2,"minecraft:rose_bush":40,"born_in_chaos_v1:fel_lamp":1,"minecraft:iron_leggings":1,"minecraft:sand":1,"minecraft:birch_log":2,"minecraft:white_wool":2,"minecraft:bone":15,"born_in_chaos_v1:fel_soil":100,"minecraft:gravel":40,"minecraft:iron_nugget":6,"minecraft:stone_sword":2,"minecraft:cobbled_deepslate":621,"minecraft:cocoa_beans":6,"minecraft:tuff":320,"minecraft:wheat":1,"minecraft:stone_shovel":1,"minecraft:white_candle":4,"minecraft:rotten_flesh":8,"minecraft:iron_boots":2,"minecraft:light_gray_concrete":3,"minecraft:white_bed":3,"minecraft:diamond_sword":2,"minecraft:poppy":2,"minecraft:potato":6,"minecraft:flower_pot":1,"minecraft:allium":7,"minecraft:iron_chestplate":1,"sanitydim:garland":5,"minecraft:stone_pressure_plate":42,"minecraft:spider_eye":1,"minecraft:stone_bricks":1,"minecraft:slime_ball":8,"minecraft:arrow":8,"minecraft:stone_pickaxe":10,"minecraft:wooden_pickaxe":2},"minecraft:picked_up":{"born_in_chaos_v1:river_mint":1,"minecraft:cocoa_beans":6,"minecraft:crafting_table":13,"minecraft:wheat":1,"minecraft:allium":31,"minecraft:flower_pot":1,"minecraft:redstone_lamp":1,"minecraft:diamond_sword":2,"minecraft:wooden_pickaxe":1,"minecraft:cornflower":1,"minecraft:cooked_salmon":1,"minecraft:string":10,"minecraft:iron_leggings":2,"minecraft:sticky_piston":1,"minecraft:smooth_stone":1,"minecraft:cobbled_deepslate":624,"minecraft:spruce_planks":1,"minecraft:white_tulip":4,"minecraft:beef":5,"minecraft:rose_bush":44,"minecraft:poppy":10,"minecraft:smooth_quartz":9,"minecraft:melon_slice":16,"minecraft:chest":3,"minecraft:iron_boots":1,"minecraft:piston":30,"minecraft:furnace":3,"minecraft:stick":2,"minecraft:torch":55,"born_in_chaos_v1:fel_soil":100,"minecraft:diorite":2,"minecraft:redstone":17,"minecraft:stone_pressure_plate":42,"minecraft:tnt":1,"minecraft:arrow":8,"minecraft:rotten_flesh":10,"farmersdelight:onion":13,"minecraft:red_tulip":3,"minecraft:pink_tulip":3,"farmersdelight:rope":1,"minecraft:saddle":1,"minecraft:glow_berries":1,"minecraft:mutton":18,"minecraft:skeleton_skull":2,"minecraft:white_wool":13,"minecraft:cobblestone":327,"minecraft:birch_log":5,"born_in_chaos_v1:corpse_maggot":3,"minecraft:lilac":1,"born_in_chaos_v1:pumpkin_staff":1,"minecraft:iron_door":2,"minecraft:andesite":4,"minecraft:leather":8,"minecraft:potato":6,"minecraft:flint":2,"minecraft:tuff":351,"minecraft:oak_log":21,"sanitydim:garland":6,"minecraft:lapis_lazuli":34,"minecraft:dirt":515,"born_in_chaos_v1:staffofthe_summoner":1,"born_in_chaos_v1:soul_cutlass":1,"minecraft:bone":18,"minecraft:red_carpet":18,"minecraft:stone_bricks":4,"minecraft:wheat_seeds":7,"minecraft:orange_tulip":5,"minecraft:iron_ingot":3,"minecraft:stone_pickaxe":11,"minecraft:cooked_chicken":2,"born_in_chaos_v1:fel_lamp":1,"minecraft:iron_sword":1,"minecraft:oak_planks":132,"minecraft:dark_oak_stairs":2,"minecraft:book":6,"minecraft:cooked_porkchop":6,"minecraft:pumpkin":1,"born_in_chaos_v1:ethereal_spirit":1,"minecraft:gravel":58,"minecraft:sand":2,"minecraft:white_bed":9,"minecraft:spider_eye":1,"minecraft:light_gray_concrete":3,"minecraft:white_candle":4,"minecraft:slime_ball":8,"minecraft:slime_block":1,"minecraft:diamond":3,"minecraft:lever":1,"minecraft:granite":40,"knight_quest:kq_great_essence":5,"minecraft:mossy_cobblestone_stairs":1,"minecraft:emerald":17,"minecraft:oak_sapling":4,"minecraft:coal":5,"minecraft:andesite_slab":3},"minecraft:broken":{"sanitydim:garland":6,"minecraft:stone_pickaxe":3},"minecraft:killed":{"born_in_chaos_v1:mr_pumpkin":1,"born_in_chaos_v1:restless_spirit":1,"born_in_chaos_v1:sir_the_headless":1,"minecraft:spider":2,"born_in_chaos_v1:pumpkinhead":1,"born_in_chaos_v1:maggot":1,"minecraft:horse":3,"minecraft:skeleton":1,"minecraft:silverfish":7,"born_in_chaos_v1:bone_imp_minion":1,"minecraft:iron_golem":1,"minecraft:sheep":13,"minecraft:zombie":2,"minecraft:stray":1,"minecraft:cow":3},"minecraft:crafted":{"minecraft:oak_planks":84,"minecraft:stone_shovel":1,"born_in_chaos_v1:nightmare_mantleofthe_night_boots":1,"minecraft:furnace":2,"minecraft:diamond_shovel":1,"sanitydim:garland":5,"minecraft:cooked_mutton":12,"minecraft:iron_boots":1,"minecraft:slime_ball":9,"born_in_chaos_v1:fried_maggot":7,"minecraft:stone_pickaxe":3,"minecraft:chest":1,"minecraft:oak_fence":3,"minecraft:lead":2,"minecraft:cooked_beef":2,"minecraft:diamond_sword":1,"sophisticatedbackpacks:backpack":2,"minecraft:crafting_table":2,"minecraft:wooden_pickaxe":1,"minecraft:iron_sword":1,"minecraft:stone_axe":1,"minecraft:bread":4,"minecraft:air":0,"minecraft:iron_chestplate":1,"minecraft:charcoal":3,"minecraft:diamond_pickaxe":1,"minecraft:shield":1,"minecraft:white_dye":1,"minecraft:stick":32,"minecraft:iron_ingot":3,"minecraft:iron_pickaxe":1,"minecraft:stone_sword":2,"minecraft:white_bed":3,"minecraft:torch":12}},"DataVersion":3120}