{"stats":{"minecraft:mined":{"minecraft:dandelion":26,"minecraft:crafting_table":1,"minecraft:cornflower":43,"minecraft:torch":1,"minecraft:grass_block":15,"minecraft:cobblestone":8,"minecraft:tall_grass":20,"minecraft:oak_planks":5,"minecraft:wall_torch":2,"minecraft:azure_bluet":1,"minecraft:grass":27,"minecraft:coal_ore":5,"minecraft:oak_log":6,"minecraft:dirt":7,"minecraft:stone":14},"minecraft:crafted":{"minecraft:oak_planks":24,"minecraft:stone_shovel":1,"minecraft:oak_sign":3,"minecraft:wooden_pickaxe":1,"sanitydim:garland":6,"minecraft:stone_axe":1,"minecraft:cooked_mutton":11,"minecraft:air":0,"minecraft:stick":12,"minecraft:stone_pickaxe":1,"minecraft:white_bed":1,"minecraft:torch":4},"minecraft:dropped":{"minecraft:wheat_seeds":7,"minecraft:cobblestone":8,"minecraft:cornflower":10,"sanitydim:garland":2,"minecraft:spider_eye":1,"minecraft:wooden_pickaxe":1,"minecraft:dandelion":22},"minecraft:used":{"minecraft:cooked_mutton":12,"minecraft:stone_sword":79,"minecraft:stone_shovel":4,"minecraft:stone_pickaxe":27,"minecraft:oak_planks":5,"minecraft:oak_sign":3,"minecraft:wooden_pickaxe":8,"minecraft:rotten_flesh":2,"simpletomb:grave_key":4,"minecraft:torch":7,"minecraft:dirt":5,"minecraft:white_bed":2,"minecraft:azure_bluet":1,"minecraft:birch_sapling":4,"minecraft:stone_axe":7,"minecraft:cobblestone":5,"minecraft:oak_sapling":1,"minecraft:dandelion":6},"minecraft:picked_up":{"minecraft:azure_bluet":1,"minecraft:oak_log":6,"minecraft:string":3,"sanitydim:garland":1,"minecraft:cornflower":42,"minecraft:dirt":23,"minecraft:cooked_mutton":2,"minecraft:bone":2,"minecraft:wheat_seeds":7,"minecraft:birch_sapling":4,"minecraft:oak_planks":2,"minecraft:stick":1,"minecraft:torch":3,"minecraft:dandelion":44,"minecraft:white_bed":1,"minecraft:spider_eye":1,"minecraft:stone_sword":1,"minecraft:rotten_flesh":2,"minecraft:oak_sapling":1,"minecraft:mutton":11,"minecraft:coal":5,"minecraft:white_wool":7,"minecraft:cobblestone":20},"minecraft:killed_by":{"kevin_trophy:zombie_brute":4},"minecraft:broken":{"sanitydim:garland":4},"minecraft:killed":{"minecraft:spider":4,"minecraft:sheep":7,"minecraft:donkey":2,"born_in_chaos_v1:corpse_fly":1},"minecraft:custom":{"minecraft:interact_with_furnace":20,"minecraft:mob_kills":14,"minecraft:interact_with_crafting_table":14,"minecraft:leave_game":4,"minecraft:time_since_death":943,"minecraft:sleep_in_bed":7,"minecraft:time_since_rest":970,"minecraft:sprint_one_cm":99935,"minecraft:damage_taken":1639,"minecraft:walk_one_cm":180675,"minecraft:drop":14,"minecraft:damage_dealt":2028,"minecraft:fly_one_cm":217962,"minecraft:crouch_one_cm":1701,"minecraft:play_time":62280,"minecraft:deaths":4,"minecraft:sneak_time":908,"minecraft:jump":1354,"minecraft:total_world_time":62280,"minecraft:fall_one_cm":30093,"minecraft:horse_one_cm":605}},"DataVersion":3120}