{"stats":{"minecraft:dropped":{"minecraft:gravel":29,"minecraft:stone_sword":1,"minecraft:cobbled_deepslate":581,"minecraft:tuff":256,"minecraft:cobblestone":134,"minecraft:rotten_flesh":3,"minecraft:granite":40,"minecraft:stick":2,"born_in_chaos_v1:monster_flesh":2,"minecraft:torch":7,"born_in_chaos_v1:staffofthe_summoner":1,"sanitydim:garland":4,"minecraft:rose_bush":40,"minecraft:spider_eye":1,"minecraft:stone_pickaxe":1,"minecraft:wooden_pickaxe":2,"minecraft:birch_log":2},"minecraft:killed":{"born_in_chaos_v1:bone_imp_minion":1,"minecraft:spider":2,"born_in_chaos_v1:maggot":1,"minecraft:sheep":10,"minecraft:zombie":1,"minecraft:stray":1,"minecraft:cow":1},"minecraft:used":{"minecraft:rose_bush":4,"minecraft:stone_sword":50,"minecraft:stone_shovel":40,"minecraft:stone_pickaxe":418,"minecraft:wooden_pickaxe":10,"born_in_chaos_v1:fried_maggot":6,"minecraft:cooked_salmon":1,"minecraft:cooked_chicken":2,"minecraft:rotten_flesh":2,"simpletomb:grave_key":6,"minecraft:torch":50,"minecraft:golden_hoe":12,"minecraft:dirt":2,"sanitydim:garland":1,"minecraft:crafting_table":4,"minecraft:tuff":31,"born_in_chaos_v1:smoked_flesh":6,"minecraft:melon_slice":1,"minecraft:iron_pickaxe":52,"minecraft:golden_leggings":1,"minecraft:stone_axe":33,"minecraft:cobblestone":84,"minecraft:furnace":1,"minecraft:oak_sapling":2,"minecraft:cooked_porkchop":4,"minecraft:andesite":3},"minecraft:custom":{"minecraft:interact_with_furnace":10,"minecraft:mob_kills":18,"minecraft:interact_with_crafting_table":24,"minecraft:open_barrel":3,"minecraft:damage_dealt_resisted":72,"minecraft:leave_game":2,"minecraft:time_since_death":16950,"minecraft:climb_one_cm":498,"minecraft:time_since_rest":17034,"minecraft:sprint_one_cm":234321,"minecraft:damage_taken":1991,"minecraft:walk_one_cm":282655,"minecraft:drop":40,"minecraft:damage_dealt":2157,"minecraft:swim_one_cm":707,"minecraft:fly_one_cm":174864,"minecraft:open_chest":18,"minecraft:crouch_one_cm":3093,"minecraft:play_time":101509,"minecraft:deaths":5,"minecraft:sneak_time":1988,"minecraft:walk_under_water_one_cm":126,"minecraft:jump":1425,"minecraft:walk_on_water_one_cm":2495,"minecraft:total_world_time":101509,"minecraft:fall_one_cm":27951},"minecraft:broken":{"minecraft:stone_pickaxe":3,"sanitydim:garland":1},"minecraft:killed_by":{"minecraft:player":2,"minecraft:stray":2,"born_in_chaos_v1:supreme_bonescaller_stage_2":1},"minecraft:picked_up":{"minecraft:birch_log":5,"minecraft:cocoa_beans":6,"born_in_chaos_v1:corpse_maggot":3,"minecraft:crafting_table":3,"minecraft:andesite":4,"minecraft:wooden_pickaxe":1,"minecraft:flint":2,"minecraft:tuff":351,"minecraft:oak_log":21,"born_in_chaos_v1:staffofthe_summoner":1,"minecraft:string":4,"sanitydim:garland":6,"minecraft:lapis_lazuli":34,"minecraft:dirt":26,"minecraft:cooked_salmon":1,"minecraft:red_carpet":18,"minecraft:bone":2,"minecraft:cobbled_deepslate":604,"minecraft:beef":2,"minecraft:stone_pickaxe":1,"minecraft:cooked_chicken":2,"minecraft:rose_bush":44,"minecraft:melon_slice":16,"minecraft:oak_planks":54,"minecraft:furnace":1,"minecraft:stick":2,"minecraft:cooked_porkchop":4,"minecraft:torch":53,"minecraft:gravel":58,"minecraft:redstone":17,"minecraft:spider_eye":1,"minecraft:arrow":2,"minecraft:rotten_flesh":5,"minecraft:diamond":3,"minecraft:granite":40,"knight_quest:kq_great_essence":1,"minecraft:oak_sapling":4,"minecraft:mutton":12,"minecraft:skeleton_skull":2,"minecraft:white_wool":10,"minecraft:cobblestone":299},"minecraft:mined":{"minecraft:deepslate_redstone_ore":4,"minecraft:red_carpet":22,"minecraft:tuff":94,"minecraft:deepslate_diamond_ore":3,"minecraft:crafting_table":3,"minecraft:torch":7,"minecraft:granite":19,"minecraft:melon":4,"minecraft:grass_block":1,"minecraft:rose_bush":4,"minecraft:cobblestone":35,"minecraft:lapis_ore":5,"minecraft:wall_torch":30,"minecraft:spawner":1,"minecraft:skeleton_skull":2,"minecraft:weeping_vines_plant":2,"minecraft:furnace":1,"minecraft:birch_log":5,"minecraft:cobbled_deepslate":2,"minecraft:andesite":5,"minecraft:birch_leaves":6,"minecraft:grass":3,"minecraft:oak_log":20,"minecraft:cocoa":2,"minecraft:dirt":11,"minecraft:gravel":33,"minecraft:stone":134,"minecraft:deepslate":149},"minecraft:crafted":{"minecraft:oak_planks":84,"minecraft:stone_shovel":1,"minecraft:crafting_table":1,"minecraft:wooden_pickaxe":1,"minecraft:furnace":1,"minecraft:stone_axe":1,"minecraft:air":0,"minecraft:iron_chestplate":1,"minecraft:diamond_pickaxe":1,"minecraft:charcoal":3,"minecraft:shield":1,"born_in_chaos_v1:fried_maggot":7,"minecraft:stick":24,"minecraft:iron_ingot":3,"minecraft:iron_pickaxe":1,"minecraft:stone_pickaxe":3,"minecraft:stone_sword":2,"minecraft:torch":12}},"DataVersion":3120}