{"stats":{"minecraft:mined":{"minecraft:white_bed":1,"cfm:oak_desk_cabinet":1,"minecraft:dandelion":18,"minecraft:torch":3,"minecraft:crafting_table":1,"minecraft:cornflower":19,"minecraft:grass_block":24,"minecraft:tall_grass":5,"minecraft:cobblestone":1,"minecraft:oak_wall_sign":1,"minecraft:wall_torch":3,"minecraft:blue_bed":1,"cfm:oak_chair":20,"minecraft:furnace":1,"cfm:oak_table":12,"minecraft:birch_log":28,"minecraft:birch_leaves":1,"minecraft:black_wool":1,"minecraft:grass":66,"minecraft:coal_ore":44,"minecraft:oak_log":54,"cfm:oak_coffee_table":4,"cfm:oak_park_bench":2,"minecraft:dirt":163,"minecraft:stone":66,"minecraft:oak_leaves":24,"cfm:oak_cabinet":3},"minecraft:crafted":{"minecraft:oak_planks":20,"minecraft:stone_shovel":3,"minecraft:oak_sign":3,"cfm:oak_coffee_table":4,"cfm:oak_cabinet":2,"minecraft:crafting_table":1,"minecraft:wooden_pickaxe":1,"minecraft:furnace":1,"minecraft:blue_bed":2,"sanitydim:garland":1,"minecraft:birch_planks":16,"minecraft:stone_axe":2,"minecraft:cooked_mutton":6,"minecraft:blue_dye":2,"minecraft:charcoal":4,"cfm:oak_desk":2,"minecraft:stick":20,"cfm:oak_desk_cabinet":2,"minecraft:stone_pickaxe":1,"cfm:oak_table":12,"minecraft:white_bed":1,"cfm:oak_chair":12,"cfm:oak_park_bench":8,"minecraft:torch":36},"minecraft:dropped":{"minecraft:stone_axe":1,"minecraft:cooked_mutton":4,"minecraft:dirt":2,"minecraft:stone_pickaxe":2},"minecraft:used":{"minecraft:cooked_mutton":3,"minecraft:stone_sword":85,"cfm:oak_park_bench":10,"minecraft:stone_shovel":142,"minecraft:stone_pickaxe":110,"minecraft:oak_sign":3,"minecraft:wooden_pickaxe":9,"minecraft:blue_bed":3,"cfm:oak_coffee_table":4,"minecraft:torch":12,"cfm:oak_cabinet":5,"minecraft:dirt":47,"sanitydim:garland":1,"minecraft:crafting_table":2,"cfm:oak_chair":26,"cfm:oak_table":16,"minecraft:stone_axe":170,"cfm:oak_desk_cabinet":3,"minecraft:furnace":2},"minecraft:picked_up":{"minecraft:birch_log":28,"minecraft:crafting_table":1,"cfm:oak_cabinet":3,"cfm:oak_table":12,"cfm:oak_chair":20,"minecraft:birch_planks":3,"minecraft:oak_log":68,"minecraft:blue_bed":1,"sanitydim:garland":2,"minecraft:cornflower":21,"minecraft:dirt":163,"born_in_chaos_v1:intoxicating_decoction":1,"minecraft:cooked_mutton":1,"minecraft:bone":2,"minecraft:oak_sign":3,"minecraft:wheat_seeds":19,"cfm:oak_park_bench":2,"minecraft:stone_pickaxe":2,"minecraft:birch_sapling":8,"minecraft:oak_planks":36,"minecraft:furnace":1,"minecraft:stick":3,"cfm:oak_coffee_table":4,"minecraft:torch":6,"minecraft:dandelion":25,"minecraft:white_bed":1,"minecraft:stone_sword":1,"cfm:oak_desk_cabinet":1,"minecraft:oak_sapling":5,"minecraft:black_wool":1,"minecraft:mutton":6,"minecraft:coal":44,"minecraft:white_wool":3,"minecraft:cobblestone":63},"minecraft:broken":{"sanitydim:garland":3},"minecraft:killed":{"minecraft:sheep":4},"minecraft:custom":{"minecraft:interact_with_furnace":11,"minecraft:mob_kills":4,"minecraft:interact_with_crafting_table":32,"minecraft:leave_game":2,"minecraft:time_since_death":67200,"minecraft:sleep_in_bed":2,"minecraft:time_since_rest":32045,"minecraft:sprint_one_cm":67015,"minecraft:damage_taken":90,"minecraft:walk_one_cm":201649,"minecraft:drop":9,"minecraft:damage_dealt":529,"minecraft:fly_one_cm":38302,"minecraft:crouch_one_cm":112,"minecraft:play_time":67200,"minecraft:sneak_time":282,"minecraft:jump":655,"minecraft:total_world_time":67200,"minecraft:fall_one_cm":12151}},"DataVersion":3120}