{"stats":{"minecraft:picked_up":{"minecraft:cocoa_beans":11,"minecraft:coarse_dirt":1,"minecraft:crafting_table":1,"minecraft:wheat":16,"minecraft:feather":7,"minecraft:chicken":3,"minecraft:jungle_log":2,"minecraft:leather":2,"minecraft:lead":1,"minecraft:potato":12,"minecraft:oak_log":20,"sanitydim:garland":1,"minecraft:dirt":29,"minecraft:lantern":8,"minecraft:bone":6,"minecraft:beetroot":2,"minecraft:wheat_seeds":54,"minecraft:beef":3,"minecraft:rose_bush":4,"minecraft:iron_pickaxe":1,"minecraft:bamboo":22,"minecraft:melon_slice":43,"slenderman:slender_log":24,"minecraft:oak_planks":1,"minecraft:phantom_membrane":1,"minecraft:egg":1,"minecraft:stick":6,"minecraft:pumpkin":18,"minecraft:torch":2,"minecraft:dandelion":1,"sophisticatedbackpacks:iron_backpack":1,"minecraft:white_bed":2,"minecraft:carrot":71,"minecraft:lily_of_the_valley":5,"minecraft:acacia_stairs":1,"minecraft:orange_bed":4,"minecraft:rotten_flesh":10,"minecraft:beetroot_seeds":2,"minecraft:peony":6,"minecraft:bread":1,"minecraft:cobblestone":115,"born_in_chaos_v1:rotten_fish":1,"minecraft:coal":23,"minecraft:andesite_slab":2},"minecraft:dropped":{"born_in_chaos_v1:rotten_fish":1,"minecraft:rotten_flesh":2,"minecraft:dandelion":1,"minecraft:egg":3},"minecraft:crafted":{"minecraft:oak_planks":80,"minecraft:crafting_table":1,"minecraft:baked_potato":6,"minecraft:furnace":1,"minecraft:jungle_planks":4,"minecraft:iron_axe":1,"minecraft:torch":16},"minecraft:killed_by":{"minecraft:husk":2,"minecraft:wither_skeleton":1,"minecraft:creeper":1,"minecraft:phantom":10,"graveyard:revenant":1},"minecraft:used":{"minecraft:water_bucket":3,"securitycraft:door_indestructible_iron_item":2,"minecraft:baked_potato":2,"minecraft:oak_planks":76,"minecraft:andesite_slab":2,"minecraft:stone":278,"minecraft:iron_sword":54,"securitycraft:keypad_door_item":2,"securitycraft:scanner_door_item":4,"simpletomb:grave_key":1,"minecraft:iron_chestplate":1,"minecraft:white_wool":1,"minecraft:orange_bed":4,"minecraft:torch":21,"cgm:workbench":1,"minecraft:dirt":119,"securitycraft:keypad_item":4,"minecraft:crafting_table":1,"minecraft:jungle_planks":4,"minecraft:carrot":14,"slenderman:slender_planks":110,"minecraft:white_bed":2,"cfm:white_picket_fence":2,"minecraft:iron_axe":110,"minecraft:melon_slice":3,"minecraft:bread":11,"minecraft:iron_pickaxe":188,"minecraft:jungle_log":1,"minecraft:iron_helmet":1,"minecraft:iron_boots":1,"born_in_chaos_v1:mesh_door":6,"minecraft:golden_carrot":1,"minecraft:furnace":1,"minecraft:white_stained_glass_pane":43,"cfm:white_picket_gate":4,"minecraft:coarse_dirt":2,"minecraft:splash_potion":2,"minecraft:iron_leggings":1},"minecraft:broken":{"sanitydim:garland":1},"minecraft:killed":{"born_in_chaos_v1:maggot":1,"minecraft:phantom":1,"minecraft:chicken":2,"minecraft:cow":1},"minecraft:custom":{"minecraft:interact_with_furnace":4,"minecraft:mob_kills":6,"minecraft:interact_with_crafting_table":3,"minecraft:open_barrel":13,"minecraft:bell_ring":4,"minecraft:leave_game":1,"minecraft:time_since_death":31620,"minecraft:sleep_in_bed":8,"minecraft:climb_one_cm":5839,"minecraft:time_since_rest":23371,"minecraft:sprint_one_cm":193601,"minecraft:damage_taken":6802,"minecraft:walk_one_cm":264153,"minecraft:drop":5,"minecraft:damage_dealt":913,"minecraft:swim_one_cm":27558,"minecraft:talked_to_villager":1,"minecraft:fly_one_cm":103248,"minecraft:player_kills":2,"minecraft:open_chest":26,"minecraft:crouch_one_cm":8439,"minecraft:play_time":104302,"minecraft:deaths":16,"minecraft:sneak_time":4944,"minecraft:walk_under_water_one_cm":12506,"minecraft:jump":1847,"minecraft:walk_on_water_one_cm":11415,"minecraft:total_world_time":104302,"minecraft:fall_one_cm":40594,"minecraft:horse_one_cm":30049},"minecraft:mined":{"minecraft:white_bed":1,"minecraft:lily_of_the_valley":5,"minecraft:jungle_leaves":7,"minecraft:crafting_table":1,"minecraft:grass_block":2,"minecraft:melon":7,"minecraft:jungle_log":2,"minecraft:rose_bush":3,"minecraft:andesite_slab":1,"minecraft:tall_grass":5,"minecraft:oak_planks":2,"minecraft:coarse_dirt":1,"minecraft:carrots":23,"minecraft:wheat":16,"minecraft:lilac":1,"minecraft:acacia_stairs":1,"minecraft:pumpkin":18,"minecraft:peony":6,"minecraft:grass":24,"minecraft:coal_ore":22,"minecraft:potatoes":3,"minecraft:oak_log":20,"minecraft:vine":1,"minecraft:beetroots":2,"minecraft:cocoa":5,"minecraft:lantern":8,"minecraft:dirt":12,"slenderman:slender_log":24,"minecraft:cracked_stone_bricks":1,"minecraft:bamboo":3,"minecraft:stone":136,"minecraft:stone_bricks":1,"minecraft:oak_leaves":16,"minecraft:fern":2,"minecraft:orange_bed":4}},"DataVersion":3120}