{"stats":{"minecraft:killed":{"born_in_chaos_v1:maggot":1,"minecraft:phantom":1,"minecraft:chicken":2,"gamingchairs2:mecedoramorada":1,"minecraft:cow":1},"minecraft:custom":{"minecraft:mob_kills":7,"minecraft:interact_with_crafting_table":6,"minecraft:open_barrel":13,"minecraft:bell_ring":4,"minecraft:leave_game":10,"minecraft:time_since_death":99123,"minecraft:climb_one_cm":5839,"minecraft:sprint_one_cm":202869,"minecraft:walk_one_cm":345408,"minecraft:drop":14,"minecraft:talked_to_villager":1,"minecraft:play_time":171805,"minecraft:deaths":16,"minecraft:sneak_time":5248,"minecraft:walk_under_water_one_cm":12506,"minecraft:jump":1984,"minecraft:walk_on_water_one_cm":11943,"minecraft:total_world_time":171805,"minecraft:interact_with_furnace":4,"minecraft:sleep_in_bed":9,"minecraft:time_since_rest":23185,"minecraft:damage_taken":6825,"minecraft:trigger_trapped_chest":4,"minecraft:damage_dealt":964,"minecraft:swim_one_cm":27558,"minecraft:fly_one_cm":118426,"minecraft:player_kills":2,"minecraft:open_chest":26,"minecraft:crouch_one_cm":8724,"minecraft:fall_one_cm":41343,"minecraft:horse_one_cm":37113},"minecraft:crafted":{"minecraft:oak_planks":80,"minecraft:furnace":1,"minecraft:iron_axe":1,"minecraft:stone_hoe":1,"minecraft:crafting_table":1,"minecraft:baked_potato":6,"minecraft:jungle_planks":4,"minecraft:torch":16},"minecraft:used":{"butchercraft:butcher_knife":1,"farmersdelight:stove":2,"minecraft:stone":392,"minecraft:iron_sword":54,"securitycraft:keypad_door_item":2,"simpletomb:grave_key":1,"minecraft:iron_chestplate":1,"minecraft:orange_bed":4,"farmersrespite:kettle":1,"minecraft:torch":27,"minecraft:dirt":119,"cgm:workbench":1,"securitycraft:keypad_item":4,"cfm:oak_kitchen_sink_light":2,"minecraft:jungle_planks":4,"minecraft:carrot":14,"slenderman:slender_planks":172,"cfm:oak_table":4,"farmersdelight:oak_cabinet":14,"cfm:white_picket_fence":2,"minecraft:iron_axe":110,"minecraft:jungle_log":1,"minecraft:iron_helmet":1,"minecraft:iron_boots":1,"farmersdelight:cabbage_crate":4,"farmersdelight:canvas_rug":4,"farmersdelight:cutting_board":2,"minecraft:golden_carrot":1,"cfm:fridge_light":2,"minecraft:furnace":1,"minecraft:white_stained_glass_pane":47,"farmersdelight:cooking_pot":3,"minecraft:trapped_chest":1,"minecraft:iron_leggings":1,"minecraft:water_bucket":3,"butchercraft:cow_hide":5,"securitycraft:door_indestructible_iron_item":2,"butchercraft:meat_hook_item":38,"minecraft:baked_potato":2,"minecraft:oak_planks":76,"minecraft:andesite_slab":2,"securitycraft:scanner_door_item":4,"minecraft:white_wool":1,"graveyard:skull_with_rib_cage":2,"cfm:cyan_cooler":29,"minecraft:crafting_table":1,"minecraft:white_bed":2,"cfm:oak_chair":5,"cfm:oak_kitchen_counter":17,"minecraft:bread":11,"minecraft:melon_slice":3,"minecraft:iron_pickaxe":188,"cfm:fridge_dark":1,"born_in_chaos_v1:mesh_door":6,"farmersdelight:spruce_cabinet":11,"minecraft:coarse_dirt":3,"minecraft:splash_potion":2,"cfm:white_picket_gate":4},"minecraft:mined":{"minecraft:white_bed":1,"minecraft:jungle_leaves":7,"minecraft:grass_block":2,"minecraft:jungle_log":2,"butchercraft:cow_hide_carpet":4,"minecraft:carrots":23,"minecraft:acacia_stairs":1,"minecraft:pumpkin":18,"minecraft:peony":6,"minecraft:potatoes":3,"minecraft:vine":1,"minecraft:lantern":8,"slenderman:slender_log":24,"minecraft:bamboo":3,"minecraft:stone":136,"minecraft:orange_bed":4,"minecraft:lily_of_the_valley":5,"minecraft:crafting_table":1,"minecraft:melon":7,"minecraft:rose_bush":3,"minecraft:andesite_slab":1,"minecraft:tall_grass":5,"minecraft:oak_planks":2,"minecraft:coarse_dirt":2,"graveyard:skull_with_rib_cage":1,"minecraft:wheat":16,"minecraft:lilac":1,"minecraft:grass":24,"minecraft:coal_ore":22,"minecraft:oak_log":20,"minecraft:beetroots":2,"minecraft:cocoa":5,"minecraft:dirt":12,"minecraft:cracked_stone_bricks":1,"minecraft:stone_bricks":1,"minecraft:fern":2,"minecraft:oak_leaves":16},"minecraft:dropped":{"minecraft:cobblestone":45,"minecraft:lead":1,"graveyard:hanged_skeleton":1,"minecraft:iron_pickaxe":1,"minecraft:dandelion":1,"minecraft:wheat":4,"born_in_chaos_v1:rotten_fish":1,"minecraft:rotten_flesh":2,"minecraft:stone":1,"minecraft:egg":3},"minecraft:picked_up":{"minecraft:cocoa_beans":11,"minecraft:coarse_dirt":2,"minecraft:crafting_table":1,"minecraft:wheat":16,"minecraft:chicken":3,"butchercraft:cubed_beef":9,"minecraft:lead":2,"gamingdeco:playtics_station_next_gen_off":2,"gamingchairs2:mecedoraconcoginmorado":1,"butchercraft:tongue":1,"butchercraft:beef_roast":21,"minecraft:beetroot":2,"butchercraft:brain":1,"minecraft:beef":67,"butchercraft:kidney":4,"minecraft:rose_bush":4,"butchercraft:fat":19,"minecraft:iron_pickaxe":2,"minecraft:melon_slice":43,"minecraft:phantom_membrane":1,"minecraft:egg":2,"minecraft:stick":6,"butchercraft:horn":4,"minecraft:stone":1,"minecraft:torch":2,"butchercraft:sinew":9,"minecraft:carrot":73,"butchercraft:lung":4,"minecraft:orange_bed":4,"minecraft:rotten_flesh":10,"minecraft:beetroot_seeds":2,"minecraft:peony":6,"butchercraft:beef_scraps":44,"butchercraft:pork_tenderloin":1,"minecraft:cobblestone":160,"butchercraft:tripe":8,"minecraft:feather":7,"born_in_chaos_v1:monster_flesh":1,"minecraft:jungle_log":2,"minecraft:leather":2,"minecraft:potato":12,"butchercraft:cow_hide":6,"minecraft:oak_log":20,"farmersdelight:skillet":1,"sanitydim:garland":1,"minecraft:dirt":29,"minecraft:lantern":8,"minecraft:bone":27,"gamingdeco:modern_tv":1,"minecraft:wheat_seeds":54,"butchercraft:stomache":4,"butchercraft:liver":1,"gamingchairs2:pantallaconaltavocesturquesa":2,"minecraft:bamboo":22,"slenderman:slender_log":24,"minecraft:oak_planks":1,"minecraft:pumpkin":18,"butchercraft:beef_stewmeat":48,"minecraft:dandelion":1,"butchercraft:heart":1,"butchercraft:oxtail":4,"sophisticatedbackpacks:iron_backpack":1,"minecraft:white_bed":2,"minecraft:lily_of_the_valley":5,"minecraft:acacia_stairs":1,"butchercraft:beef_ribs":6,"butchercraft:leather_scrap":17,"minecraft:bread":1,"butchercraft:skinning_knife":1,"butchercraft:butcher_knife":1,"butchercraft:gut_knife":1,"born_in_chaos_v1:rotten_fish":1,"minecraft:andesite_slab":2,"minecraft:coal":23},"minecraft:broken":{"sanitydim:garland":1},"minecraft:killed_by":{"minecraft:husk":2,"minecraft:wither_skeleton":1,"minecraft:creeper":1,"minecraft:phantom":10,"graveyard:revenant":1}},"DataVersion":3120}