{
  "cfm:recipes/cfm/spruce_kitchen_drawer": {
    "criteria": {
      "has_log": "2024-05-15 06:38:54 +0000"
    },
    "done": true
  },
  "securitycraft:recipes/securitycraft/universal_block_remover": {
    "criteria": {
      "has_iron": "2024-05-15 06:47:54 +0000"
    },
    "done": true
  },
  "minecraft:recipes/decorations/smoker": {
    "criteria": {
      "has_furnace": "2024-05-15 06:16:47 +0000"
    },
    "done": true
  },
  "minecraft:recipes/food/cooked_mutton_from_campfire_cooking": {
    "criteria": {
      "has_mutton": "2024-05-15 06:14:43 +0000"
    },
    "done": true
  },
  "minecraft:recipes/redstone/lever": {
    "criteria": {
      "has_cobblestone": "2024-05-15 06:06:30 +0000"
    },
    "done": true
  },
  "farmersdelight:recipes/farmersdelight/organic_compost_from_rotten_flesh": {
    "criteria": {
      "has_rotten_flesh": "2024-05-15 06:14:12 +0000"
    },
    "done": true
  },
  "minecraft:recipes/combat/iron_sword": {
    "criteria": {
      "has_iron_ingot": "2024-05-15 06:47:54 +0000"
    },
    "done": true
  },
  "minecraft:recipes/redstone/spruce_door": {
    "criteria": {
      "has_planks": "2024-05-15 06:39:28 +0000"
    },
    "done": true
  },
  "securitycraft:recipes/securitycraft/sentry": {
    "criteria": {
      "has_iron": "2024-05-15 06:47:55 +0000"
    },
    "done": true
  },
  "minecraft:recipes/building_blocks/lime_concrete_powder": {
    "criteria": {
      "has_gravel": "2024-05-15 06:35:17 +0000"
    },
    "done": true
  },
  "minecraft:recipes/tools/iron_pickaxe": {
    "criteria": {
      "has_iron_ingot": "2024-05-15 06:47:55 +0000"
    },
    "done": true
  },
  "butchercraft:recipes/butchercraft.items/gut_knife": {
    "criteria": {
      "has_iron": "2024-05-15 06:47:55 +0000"
    },
    "done": true
  },
  "minecraft:recipes/building_blocks/yellow_concrete_powder": {
    "criteria": {
      "has_gravel": "2024-05-15 06:35:17 +0000"
    },
    "done": true
  },
  "minecraft:recipes/redstone/spruce_fence_gate": {
    "criteria": {
      "has_planks": "2024-05-15 06:39:28 +0000"
    },
    "done": true
  },
  "cfm:recipes/cfm/spruce_bedside_cabinet": {
    "criteria": {
      "has_log": "2024-05-15 06:38:54 +0000"
    },
    "done": true
  },
  "minecraft:recipes/decorations/crafting_table": {
    "criteria": {
      "has_planks": "2024-05-15 06:04:09 +0000"
    },
    "done": true
  },
  "minecraft:recipes/building_blocks/magenta_wool": {
    "criteria": {
      "has_white_wool": "2024-05-15 06:14:44 +0000"
    },
    "done": true
  },
  "cfm:recipes/cfm/birch_desk": {
    "criteria": {
      "has_log": "2024-05-15 06:04:02 +0000"
    },
    "done": true
  },
  "minecraft:recipes/decorations/ladder": {
    "criteria": {
      "has_stick": "2024-05-15 06:06:14 +0000"
    },
    "done": true
  },
  "farmersdelight:recipes/farmersdelight/pie_crust": {
    "criteria": {
      "has_wheat": "2024-05-15 06:46:27 +0000"
    },
    "done": true
  },
  "minecraft:recipes/decorations/chest": {
    "criteria": {
      "has_lots_of_items": "2024-05-15 06:12:22 +0000"
    },
    "done": true
  },
  "cfm:recipes/cfm/stripped_birch_bedside_cabinet": {
    "criteria": {
      "has_planks": "2024-05-15 06:04:02 +0000"
    },
    "done": true
  },
  "minecraft:recipes/transportation/mangrove_boat": {
    "criteria": {
      "in_water": "2024-05-15 06:43:30 +0000"
    },
    "done": true
  },
  "minecraft:recipes/redstone/spruce_button": {
    "criteria": {
      "has_planks": "2024-05-15 06:39:28 +0000"
    },
    "done": true
  },
  "minecraft:recipes/tools/wooden_shovel": {
    "criteria": {
      "has_stick": "2024-05-15 06:06:14 +0000"
    },
    "done": true
  },
  "minecraft:recipes/decorations/torch": {
    "criteria": {
      "has_stone_pickaxe": "2024-05-15 06:06:49 +0000"
    },
    "done": true
  },
  "minecraft:recipes/tools/shears": {
    "criteria": {
      "has_iron_ingot": "2024-05-15 06:47:54 +0000"
    },
    "done": true
  },
  "minecraft:recipes/misc/stick": {
    "criteria": {
      "has_planks": "2024-05-15 06:04:09 +0000"
    },
    "done": true
  },
  "cfm:recipes/cfm/brown_grill": {
    "criteria": {
      "has_iron": "2024-05-15 06:47:54 +0000"
    },
    "done": true
  },
  "cfm:recipes/cfm/green_grill": {
    "criteria": {
      "has_iron": "2024-05-15 06:47:55 +0000"
    },
    "done": true
  },
  "minecraft:recipes/redstone/dispenser": {
    "criteria": {
      "has_bow": "2024-05-15 06:23:44 +0000"
    },
    "done": true
  },
  "securitycraft:recipes/securitycraft/electrified_iron_fence": {
    "criteria": {
      "has_iron": "2024-05-15 06:47:54 +0000"
    },
    "done": true
  },
  "minecraft:recipes/combat/iron_leggings": {
    "criteria": {
      "has_iron_ingot": "2024-05-15 06:47:55 +0000"
    },
    "done": true
  },
  "minecraft:recipes/combat/shield": {
    "criteria": {
      "has_iron_ingot": "2024-05-15 06:47:54 +0000"
    },
    "done": true
  },
  "minecraft:recipes/building_blocks/cobblestone_slab": {
    "criteria": {
      "has_cobblestone": "2024-05-15 06:06:30 +0000"
    },
    "done": true
  },
  "cfm:recipes/cfm/spruce_cabinet": {
    "criteria": {
      "has_log": "2024-05-15 06:38:54 +0000"
    },
    "done": true
  },
  "cfm:recipes/cfm/oak_bedside_cabinet": {
    "criteria": {
      "has_log": "2024-05-15 06:04:26 +0000"
    },
    "done": true
  },
  "cfm:recipes/cfm/birch_crate": {
    "criteria": {
      "has_log": "2024-05-15 06:04:02 +0000"
    },
    "done": true
  },
  "minecraft:recipes/redstone/hopper": {
    "criteria": {
      "has_iron_ingot": "2024-05-15 06:47:54 +0000"
    },
    "done": true
  },
  "minecraft:recipes/building_blocks/coarse_dirt": {
    "criteria": {
      "has_gravel": "2024-05-15 06:35:17 +0000"
    },
    "done": true
  },
  "cfm:recipes/cfm/orange_grill": {
    "criteria": {
      "has_iron": "2024-05-15 06:47:54 +0000"
    },
    "done": true
  },
  "cfm:recipes/cfm/stripped_spruce_desk": {
    "criteria": {
      "has_planks": "2024-05-15 06:38:54 +0000"
    },
    "done": true
  },
  "farmersrespite:recipes/farmersrespite/brewing/apple_cider": {
    "criteria": {
      "has_apple": "2024-05-15 06:18:07 +0000"
    },
    "done": true
  },
  "cfm:recipes/cfm/diving_board": {
    "criteria": {
      "has_wheat": "2024-05-15 06:46:27 +0000"
    },
    "done": true
  },
  "minecraft:recipes/building_blocks/light_gray_concrete_powder": {
    "criteria": {
      "has_gravel": "2024-05-15 06:35:17 +0000"
    },
    "done": true
  },
  "cfm:recipes/cfm/blue_grill": {
    "criteria": {
      "has_iron": "2024-05-15 06:47:54 +0000"
    },
    "done": true
  },
  "minecraft:recipes/food/cooked_mutton_from_grill_cooking": {
    "criteria": {
      "has_mutton": "2024-05-15 06:14:43 +0000"
    },
    "done": true
  },
  "minecraft:recipes/building_blocks/pink_concrete_powder": {
    "criteria": {
      "has_gravel": "2024-05-15 06:35:17 +0000"
    },
    "done": true
  },
  "securitycraft:recipes/securitycraft/security_camera": {
    "criteria": {
      "has_iron": "2024-05-15 06:47:55 +0000"
    },
    "done": true
  },
  "securitycraft:recipes/securitycraft/door_indestructible_iron_item": {
    "criteria": {
      "has_iron": "2024-05-15 06:47:55 +0000"
    },
    "done": true
  },
  "cfm:recipes/cfm/spruce_kitchen_sink_dark": {
    "criteria": {
      "has_bottom": "2024-05-15 06:39:28 +0000"
    },
    "done": true
  },
  "cfm:recipes/cfm/purple_grill": {
    "criteria": {
      "has_iron": "2024-05-15 06:47:54 +0000"
    },
    "done": true
  },
  "minecraft:recipes/decorations/magenta_bed_from_white_bed": {
    "criteria": {
      "has_bed": "2024-05-15 06:20:47 +0000"
    },
    "done": true
  },
  "cfm:recipes/cfm/birch_blinds": {
    "criteria": {
      "has_log": "2024-05-15 06:04:02 +0000"
    },
    "done": true
  },
  "minecraft:recipes/decorations/iron_bars": {
    "criteria": {
      "has_iron_ingot": "2024-05-15 06:47:55 +0000"
    },
    "done": true
  },
  "cgm:recipes/cgm/grenade": {
    "criteria": {
      "has_gunpowder": "2024-05-15 06:19:07 +0000"
    },
    "done": true
  },
  "minecraft:recipes/building_blocks/blue_wool": {
    "criteria": {
      "has_white_wool": "2024-05-15 06:14:44 +0000"
    },
    "done": true
  },
  "cfm:recipes/cfm/stripped_spruce_bedside_cabinet": {
    "criteria": {
      "has_planks": "2024-05-15 06:38:54 +0000"
    },
    "done": true
  },
  "minecraft:adventure/sleep_in_bed": {
    "criteria": {
      "slept_in_bed": "2024-05-15 06:28:29 +0000"
    },
    "done": true
  },
  "minecraft:recipes/building_blocks/spruce_planks": {
    "criteria": {
      "has_logs": "2024-05-15 06:38:54 +0000"
    },
    "done": true
  },
  "minecraft:recipes/building_blocks/cobblestone_slab_from_cobblestone_stonecutting": {
    "criteria": {
      "has_cobblestone": "2024-05-15 06:06:30 +0000"
    },
    "done": true
  },
  "butchercraft:recipes/butchercraft.items/butcher_knife": {
    "criteria": {
      "has_iron": "2024-05-15 06:47:54 +0000"
    },
    "done": true
  },
  "minecraft:recipes/building_blocks/oak_stairs": {
    "criteria": {
      "has_planks": "2024-05-15 06:04:39 +0000"
    },
    "done": true
  },
  "cfm:recipes/cfm/oak_kitchen_drawer": {
    "criteria": {
      "has_log": "2024-05-15 06:04:26 +0000"
    },
    "done": true
  },
  "farmersdelight:recipes/farmersdelight/roasted_mutton_chops": {
    "criteria": {
      "has_mutton": "2024-05-15 06:16:49 +0000"
    },
    "done": true
  },
  "cfm:recipes/cfm/stripped_oak_coffee_table": {
    "criteria": {
      "has_planks": "2024-05-15 06:04:26 +0000"
    },
    "done": true
  },
  "minecraft:recipes/misc/copper_ingot_from_blasting_raw_copper": {
    "criteria": {
      "has_raw_copper": "2024-05-15 06:43:54 +0000"
    },
    "done": true
  },
  "cfm:recipes/cfm/stripped_oak_cabinet": {
    "criteria": {
      "has_log": "2024-05-15 06:04:26 +0000"
    },
    "done": true
  },
  "minecraft:recipes/transportation/acacia_boat": {
    "criteria": {
      "in_water": "2024-05-15 06:43:30 +0000"
    },
    "done": true
  },
  "minecraft:recipes/redstone/iron_trapdoor": {
    "criteria": {
      "has_iron_ingot": "2024-05-15 06:47:55 +0000"
    },
    "done": true
  },
  "minecraft:recipes/decorations/birch_sign": {
    "criteria": {
      "has_planks": "2024-05-15 06:04:09 +0000"
    },
    "done": true
  },
  "farmersdelight:recipes/farmersdelight/cutting_board": {
    "criteria": {
      "has_stick": "2024-05-15 06:06:14 +0000"
    },
    "done": true
  },
  "knight_quest:kq_quest_source": {
    "criteria": {
      "kq_quest_source": "2024-05-15 06:00:48 +0000"
    },
    "done": true
  },
  "minecraft:adventure/root": {
    "criteria": {
      "killed_something": "2024-05-15 06:12:21 +0000"
    },
    "done": true
  },
  "cfm:recipes/cfm/stripped_spruce_cabinet": {
    "criteria": {
      "has_log": "2024-05-15 06:38:54 +0000"
    },
    "done": true
  },
  "butchercraft:recipes/butchercraft.items/skinning_knife": {
    "criteria": {
      "has_iron": "2024-05-15 06:47:54 +0000"
    },
    "done": true
  },
  "securitycraft:recipes/securitycraft/storage_module": {
    "criteria": {
      "has_iron": "2024-05-15 06:47:55 +0000"
    },
    "done": true
  },
  "minecraft:recipes/decorations/gray_bed_from_white_bed": {
    "criteria": {
      "has_bed": "2024-05-15 06:20:47 +0000"
    },
    "done": true
  },
  "minecraft:recipes/building_blocks/white_concrete_powder": {
    "criteria": {
      "has_gravel": "2024-05-15 06:35:17 +0000"
    },
    "done": true
  },
  "cfm:recipes/cfm/stripped_oak_desk_cabinet": {
    "criteria": {
      "has_planks": "2024-05-15 06:04:26 +0000"
    },
    "done": true
  },
  "minecraft:adventure/kill_all_mobs": {
    "criteria": {
      "minecraft:skeleton": "2024-05-15 06:19:31 +0000",
      "minecraft:spider": "2024-05-15 06:16:00 +0000",
      "minecraft:creeper": "2024-05-15 06:19:04 +0000",
      "minecraft:zombie": "2024-05-15 06:14:11 +0000"
    },
    "done": false
  },
  "minecraft:recipes/building_blocks/birch_wood": {
    "criteria": {
      "has_log": "2024-05-15 06:04:02 +0000"
    },
    "done": true
  },
  "farmersdelight:recipes/farmersdelight/cooking_pot": {
    "criteria": {
      "has_iron_ingot": "2024-05-15 06:47:54 +0000"
    },
    "done": true
  },
  "minecraft:recipes/decorations/pink_bed_from_white_bed": {
    "criteria": {
      "has_bed": "2024-05-15 06:20:47 +0000"
    },
    "done": true
  },
  "minecraft:recipes/food/cooked_chicken_from_campfire_cooking": {
    "criteria": {
      "has_chicken": "2024-05-15 06:12:22 +0000"
    },
    "done": true
  },
  "minecraft:recipes/misc/iron_nugget_from_smelting": {
    "criteria": {
      "has_iron_pickaxe": "2024-05-15 06:50:20 +0000"
    },
    "done": true
  },
  "minecraft:recipes/food/cooked_mutton_from_smoking": {
    "criteria": {
      "has_mutton": "2024-05-15 06:14:43 +0000"
    },
    "done": true
  },
  "cfm:recipes/cfm/pink_grill": {
    "criteria": {
      "has_iron": "2024-05-15 06:47:54 +0000"
    },
    "done": true
  },
  "cgm:recipes/cgm/stun_grenade": {
    "criteria": {
      "has_gunpowder": "2024-05-15 06:19:07 +0000"
    },
    "done": true
  },
  "minecraft:recipes/decorations/chain": {
    "criteria": {
      "has_iron_ingot": "2024-05-15 06:47:54 +0000"
    },
    "done": true
  },
  "farmersrespite:recipes/farmersrespite/cooking/tea_curry": {
    "criteria": {
      "has_any_ingredient": "2024-05-15 06:12:22 +0000"
    },
    "done": true
  },
  "cfm:recipes/cfm/spruce_park_bench": {
    "criteria": {
      "has_log": "2024-05-15 06:38:54 +0000"
    },
    "done": true
  },
  "cfm:recipes/cfm/magenta_grill": {
    "criteria": {
      "has_iron": "2024-05-15 06:47:54 +0000"
    },
    "done": true
  },
  "minecraft:recipes/decorations/oak_fence": {
    "criteria": {
      "has_planks": "2024-05-15 06:04:39 +0000"
    },
    "done": true
  },
  "farmersdelight:recipes/farmersdelight/cooking/apple_cider": {
    "criteria": {
      "has_apple": "2024-05-15 06:18:07 +0000"
    },
    "done": true
  },
  "cfm:recipes/cfm/spruce_table": {
    "criteria": {
      "has_log": "2024-05-15 06:38:54 +0000"
    },
    "done": true
  },
  "minecraft:recipes/building_blocks/orange_concrete_powder": {
    "criteria": {
      "has_gravel": "2024-05-15 06:35:17 +0000"
    },
    "done": true
  },
  "minecraft:recipes/building_blocks/oak_slab": {
    "criteria": {
      "has_planks": "2024-05-15 06:04:39 +0000"
    },
    "done": true
  },
  "cgm:recipes/cgm/mini_gun": {
    "criteria": {
      "has_iron_ingot": "2024-05-15 06:47:54 +0000"
    },
    "done": true
  },
  "cfm:recipes/cfm/spruce_chair": {
    "criteria": {
      "has_log": "2024-05-15 06:38:54 +0000"
    },
    "done": true
  },
  "cfm:recipes/cfm/stripped_oak_park_bench": {
    "criteria": {
      "has_log": "2024-05-15 06:04:26 +0000"
    },
    "done": true
  },
  "minecraft:recipes/building_blocks/raw_copper_block": {
    "criteria": {
      "has_raw_copper": "2024-05-15 06:43:54 +0000"
    },
    "done": true
  },
  "cfm:recipes/cfm/birch_table": {
    "criteria": {
      "has_log": "2024-05-15 06:04:02 +0000"
    },
    "done": true
  },
  "minecraft:recipes/building_blocks/black_wool": {
    "criteria": {
      "has_white_wool": "2024-05-15 06:14:44 +0000"
    },
    "done": true
  },
  "minecraft:recipes/misc/iron_ingot_from_blasting_raw_iron": {
    "criteria": {
      "has_raw_iron": "2024-05-15 06:35:24 +0000"
    },
    "done": true
  },
  "sophisticatedbackpacks:recipes/sophisticatedbackpacks/iron_backpack": {
    "criteria": {
      "has_backpack": "2024-05-15 06:32:52 +0000"
    },
    "done": true
  },
  "farmersdelight:recipes/farmersdelight/mutton_wrap": {
    "criteria": {
      "has_mutton": "2024-05-15 06:16:49 +0000"
    },
    "done": true
  },
  "minecraft:recipes/misc/blue_dye_from_cornflower": {
    "criteria": {
      "has_cornflower": "2024-05-15 06:37:20 +0000"
    },
    "done": true
  },
  "minecraft:recipes/food/cooked_chicken_from_grill_cooking": {
    "criteria": {
      "has_chicken": "2024-05-15 06:12:22 +0000"
    },
    "done": true
  },
  "cfm:recipes/cfm/stripped_spruce_kitchen_drawer": {
    "criteria": {
      "has_log": "2024-05-15 06:38:54 +0000"
    },
    "done": true
  },
  "cfm:recipes/cfm/birch_upgraded_fence": {
    "criteria": {
      "has_log": "2024-05-15 06:04:02 +0000"
    },
    "done": true
  },
  "cfm:recipes/cfm/stripped_oak_crate": {
    "criteria": {
      "has_planks": "2024-05-15 06:04:26 +0000"
    },
    "done": true
  },
  "minecraft:recipes/redstone/birch_button": {
    "criteria": {
      "has_planks": "2024-05-15 06:04:09 +0000"
    },
    "done": true
  },
  "minecraft:recipes/building_blocks/iron_block": {
    "criteria": {
      "has_iron_ingot": "2024-05-15 06:47:54 +0000"
    },
    "done": true
  },
  "cfm:recipes/cfm/fridge_dark": {
    "criteria": {
      "has_iron": "2024-05-15 06:47:54 +0000"
    },
    "done": true
  },
  "cfm:recipes/cfm/oak_chair": {
    "criteria": {
      "has_log": "2024-05-15 06:04:26 +0000"
    },
    "done": true
  },
  "moguns:crayfish/root": {
    "criteria": {
      "tick": "2024-05-15 06:00:48 +0000"
    },
    "done": true
  },
  "cfm:recipes/cfm/birch_bedside_cabinet": {
    "criteria": {
      "has_log": "2024-05-15 06:04:02 +0000"
    },
    "done": true
  },
  "minecraft:recipes/building_blocks/spruce_wood": {
    "criteria": {
      "has_log": "2024-05-15 06:38:54 +0000"
    },
    "done": true
  },
  "minecraft:recipes/building_blocks/light_blue_wool": {
    "criteria": {
      "has_white_wool": "2024-05-15 06:14:44 +0000"
    },
    "done": true
  },
  "minecraft:recipes/combat/wooden_sword": {
    "criteria": {
      "has_stick": "2024-05-15 06:06:14 +0000"
    },
    "done": true
  },
  "minecraft:recipes/building_blocks/oak_planks": {
    "criteria": {
      "has_logs": "2024-05-15 06:04:26 +0000"
    },
    "done": true
  },
  "cfm:recipes/cfm/spruce_coffee_table": {
    "criteria": {
      "has_log": "2024-05-15 06:38:54 +0000"
    },
    "done": true
  },
  "minecraft:recipes/building_blocks/gray_concrete_powder": {
    "criteria": {
      "has_gravel": "2024-05-15 06:35:17 +0000"
    },
    "done": true
  },
  "cfm:recipes/cfm/stripped_oak_kitchen_counter": {
    "criteria": {
      "has_log": "2024-05-15 06:04:26 +0000"
    },
    "done": true
  },
  "securitycraft:recipes/securitycraft/smart_module": {
    "criteria": {
      "has_iron": "2024-05-15 06:47:55 +0000"
    },
    "done": true
  },
  "cgm:recipes/cgm/assault_rifle": {
    "criteria": {
      "has_iron_ingot": "2024-05-15 06:47:54 +0000"
    },
    "done": true
  },
  "securitycraft:recipes/securitycraft/block_change_detector": {
    "criteria": {
      "has_iron": "2024-05-15 06:47:54 +0000"
    },
    "done": true
  },
  "minecraft:recipes/tools/iron_axe": {
    "criteria": {
      "has_iron_ingot": "2024-05-15 06:47:54 +0000"
    },
    "done": true
  },
  "cgm:recipes/cgm/basic_bullet": {
    "criteria": {
      "has_gunpowder": "2024-05-15 06:19:07 +0000"
    },
    "done": true
  },
  "cfm:recipes/cfm/birch_desk_cabinet": {
    "criteria": {
      "has_log": "2024-05-15 06:04:02 +0000"
    },
    "done": true
  },
  "cfm:recipes/cfm/stripped_spruce_desk_cabinet": {
    "criteria": {
      "has_planks": "2024-05-15 06:38:54 +0000"
    },
    "done": true
  },
  "minecraft:recipes/combat/iron_boots": {
    "criteria": {
      "has_iron_ingot": "2024-05-15 06:47:54 +0000"
    },
    "done": true
  },
  "minecraft:recipes/misc/bone_meal": {
    "criteria": {
      "has_bone": "2024-05-15 06:19:20 +0000"
    },
    "done": true
  },
  "minecraft:recipes/building_blocks/birch_planks": {
    "criteria": {
      "has_logs": "2024-05-15 06:04:02 +0000"
    },
    "done": true
  },
  "minecraft:recipes/building_blocks/black_concrete_powder": {
    "criteria": {
      "has_gravel": "2024-05-15 06:35:17 +0000"
    },
    "done": true
  },
  "minecraft:story/iron_tools": {
    "criteria": {
      "iron_pickaxe": "2024-05-15 06:50:20 +0000"
    },
    "done": true
  },
  "farmersdelight:recipes/farmersdelight/iron_knife": {
    "criteria": {
      "has_iron_ingot": "2024-05-15 06:47:54 +0000"
    },
    "done": true
  },
  "cfm:recipes/cfm/stripped_birch_coffee_table": {
    "criteria": {
      "has_planks": "2024-05-15 06:04:02 +0000"
    },
    "done": true
  },
  "minecraft:recipes/redstone/birch_fence_gate": {
    "criteria": {
      "has_planks": "2024-05-15 06:04:09 +0000"
    },
    "done": true
  },
  "minecraft:recipes/combat/crossbow": {
    "criteria": {
      "has_stick": "2024-05-15 06:06:14 +0000"
    },
    "done": true
  },
  "minecraft:recipes/combat/iron_chestplate": {
    "criteria": {
      "has_iron_ingot": "2024-05-15 06:47:54 +0000"
    },
    "done": true
  },
  "minecraft:recipes/building_blocks/yellow_wool": {
    "criteria": {
      "has_white_wool": "2024-05-15 06:14:44 +0000"
    },
    "done": true
  },
  "minecraft:recipes/redstone/spruce_pressure_plate": {
    "criteria": {
      "has_planks": "2024-05-15 06:39:28 +0000"
    },
    "done": true
  },
  "minecraft:recipes/decorations/oak_sign": {
    "criteria": {
      "has_planks": "2024-05-15 06:04:39 +0000"
    },
    "done": true
  },
  "minecraft:recipes/redstone/oak_trapdoor": {
    "criteria": {
      "has_planks": "2024-05-15 06:04:39 +0000"
    },
    "done": true
  },
  "minecraft:recipes/building_blocks/red_concrete_powder": {
    "criteria": {
      "has_gravel": "2024-05-15 06:35:17 +0000"
    },
    "done": true
  },
  "minecraft:recipes/decorations/light_blue_bed_from_white_bed": {
    "criteria": {
      "has_bed": "2024-05-15 06:20:47 +0000"
    },
    "done": true
  },
  "cfm:recipes/cfm/stripped_oak_desk": {
    "criteria": {
      "has_planks": "2024-05-15 06:04:26 +0000"
    },
    "done": true
  },
  "minecraft:recipes/misc/iron_nugget_from_blasting": {
    "criteria": {
      "has_iron_pickaxe": "2024-05-15 06:50:20 +0000"
    },
    "done": true
  },
  "betterdungeons:root": {
    "criteria": {
      "always": "2024-05-15 06:00:48 +0000"
    },
    "done": true
  },
  "securitycraft:recipes/securitycraft/reinforced_diorite": {
    "criteria": {
      "has_cobblestone": "2024-05-15 06:06:30 +0000"
    },
    "done": true
  },
  "securitycraft:recipes/securitycraft/trophy_system": {
    "criteria": {
      "has_iron": "2024-05-15 06:47:54 +0000"
    },
    "done": true
  },
  "minecraft:adventure/kill_a_mob": {
    "criteria": {
      "minecraft:zombie": "2024-05-15 06:14:11 +0000"
    },
    "done": true
  },
  "securitycraft:recipes/securitycraft/camera_monitor": {
    "criteria": {
      "has_iron": "2024-05-15 06:47:54 +0000"
    },
    "done": true
  },
  "securitycraft:recipes/securitycraft/limited_use_keycard": {
    "criteria": {
      "has_iron": "2024-05-15 06:47:55 +0000"
    },
    "done": true
  },
  "minecraft:recipes/building_blocks/stone": {
    "criteria": {
      "has_cobblestone": "2024-05-15 06:06:30 +0000"
    },
    "done": true
  },
  "moguns:weapons/root": {
    "criteria": {
      "tick": "2024-05-15 06:00:48 +0000"
    },
    "done": true
  },
  "cgm:recipes/cgm/missile": {
    "criteria": {
      "has_gunpowder": "2024-05-15 06:19:07 +0000"
    },
    "done": true
  },
  "minecraft:adventure/adventuring_time": {
    "criteria": {
      "minecraft:river": "2024-05-15 06:34:00 +0000",
      "minecraft:grove": "2024-05-15 06:38:26 +0000",
      "minecraft:forest": "2024-05-15 06:04:20 +0000",
      "minecraft:meadow": "2024-05-15 06:00:50 +0000"
    },
    "done": false
  },
  "minecraft:recipes/decorations/purple_bed_from_white_bed": {
    "criteria": {
      "has_bed": "2024-05-15 06:20:47 +0000"
    },
    "done": true
  },
  "cfm:recipes/cfm/red_grill": {
    "criteria": {
      "has_iron": "2024-05-15 06:47:54 +0000"
    },
    "done": true
  },
  "securitycraft:recipes/securitycraft/whitelist_module": {
    "criteria": {
      "has_iron": "2024-05-15 06:47:54 +0000"
    },
    "done": true
  },
  "minecraft:recipes/combat/stone_sword": {
    "criteria": {
      "has_cobblestone": "2024-05-15 06:06:30 +0000"
    },
    "done": true
  },
  "minecraft:recipes/decorations/barrel": {
    "criteria": {
      "has_planks": "2024-05-15 06:04:09 +0000"
    },
    "done": true
  },
  "minecraft:recipes/decorations/cobblestone_wall": {
    "criteria": {
      "has_cobblestone": "2024-05-15 06:06:30 +0000"
    },
    "done": true
  },
  "cgm:recipes/cgm/grenade_launcher": {
    "criteria": {
      "has_iron_ingot": "2024-05-15 06:47:54 +0000"
    },
    "done": true
  },
  "minecraft:recipes/misc/iron_ingot_from_smelting_raw_iron": {
    "criteria": {
      "has_raw_iron": "2024-05-15 06:35:24 +0000"
    },
    "done": true
  },
  "minecraft:recipes/tools/stone_pickaxe": {
    "criteria": {
      "has_cobblestone": "2024-05-15 06:06:30 +0000"
    },
    "done": true
  },
  "minecraft:recipes/decorations/smithing_table": {
    "criteria": {
      "has_iron_ingot": "2024-05-15 06:47:54 +0000"
    },
    "done": true
  },
  "cfm:recipes/cfm/oak_desk_cabinet": {
    "criteria": {
      "has_log": "2024-05-15 06:04:26 +0000"
    },
    "done": true
  },
  "minecraft:recipes/decorations/cobblestone_wall_from_cobblestone_stonecutting": {
    "criteria": {
      "has_cobblestone": "2024-05-15 06:06:30 +0000"
    },
    "done": true
  },
  "cfm:recipes/cfm/black_grill": {
    "criteria": {
      "has_iron": "2024-05-15 06:47:54 +0000"
    },
    "done": true
  },
  "cgm:recipes/cgm/heavy_rifle": {
    "criteria": {
      "has_iron_ingot": "2024-05-15 06:47:55 +0000"
    },
    "done": true
  },
  "dungeons_arise:wda_root": {
    "criteria": {
      "WDA": "2024-05-15 06:00:48 +0000"
    },
    "done": true
  },
  "minecraft:recipes/decorations/lantern": {
    "criteria": {
      "has_iron_ingot": "2024-05-15 06:47:54 +0000"
    },
    "done": true
  },
  "cfm:recipes/cfm/light_blue_grill": {
    "criteria": {
      "has_iron": "2024-05-15 06:47:54 +0000"
    },
    "done": true
  },
  "securitycraft:recipes/securitycraft/reinforced_packed_mud": {
    "criteria": {
      "has_wheat": "2024-05-15 06:46:27 +0000"
    },
    "done": true
  },
  "cfm:recipes/cfm/post_box": {
    "criteria": {
      "has_iron": "2024-05-15 06:47:55 +0000"
    },
    "done": true
  },
  "cfm:recipes/cfm/birch_kitchen_drawer": {
    "criteria": {
      "has_log": "2024-05-15 06:04:02 +0000"
    },
    "done": true
  },
  "minecraft:recipes/building_blocks/light_gray_wool": {
    "criteria": {
      "has_white_wool": "2024-05-15 06:14:44 +0000"
    },
    "done": true
  },
  "minecraft:recipes/food/cooked_chicken": {
    "criteria": {
      "has_chicken": "2024-05-15 06:12:22 +0000"
    },
    "done": true
  },
  "minecraft:recipes/decorations/red_bed_from_white_bed": {
    "criteria": {
      "has_bed": "2024-05-15 06:20:47 +0000"
    },
    "done": true
  },
  "minecraft:recipes/building_blocks/red_wool": {
    "criteria": {
      "has_white_wool": "2024-05-15 06:14:44 +0000"
    },
    "done": true
  },
  "cfm:recipes/cfm/spruce_crate": {
    "criteria": {
      "has_log": "2024-05-15 06:38:54 +0000"
    },
    "done": true
  },
  "minecraft:recipes/tools/stone_axe": {
    "criteria": {
      "has_cobblestone": "2024-05-15 06:06:30 +0000"
    },
    "done": true
  },
  "minecraft:recipes/building_blocks/raw_iron_block": {
    "criteria": {
      "has_raw_iron": "2024-05-15 06:35:24 +0000"
    },
    "done": true
  },
  "cfm:recipes/cfm/birch_cabinet": {
    "criteria": {
      "has_log": "2024-05-15 06:04:02 +0000"
    },
    "done": true
  },
  "minecraft:recipes/food/cooked_mutton": {
    "criteria": {
      "has_mutton": "2024-05-15 06:14:43 +0000"
    },
    "done": true
  },
  "securitycraft:recipes/securitycraft/disguise_module": {
    "criteria": {
      "has_iron": "2024-05-15 06:47:54 +0000"
    },
    "done": true
  },
  "cfm:recipes/cfm/birch_kitchen_sink_dark": {
    "criteria": {
      "has_bottom": "2024-05-15 06:04:09 +0000"
    },
    "done": true
  },
  "cfm:recipes/cfm/spruce_kitchen_counter": {
    "criteria": {
      "has_log": "2024-05-15 06:38:54 +0000"
    },
    "done": true
  },
  "farmersdelight:recipes/farmersdelight/wheat_dough_from_eggs": {
    "criteria": {
      "has_wheat": "2024-05-15 06:46:27 +0000"
    },
    "done": true
  },
  "minecraft:recipes/building_blocks/purple_wool": {
    "criteria": {
      "has_white_wool": "2024-05-15 06:14:44 +0000"
    },
    "done": true
  },
  "duck-money:recipes/misc/recipe_53": {
    "criteria": {
      "null": "2024-05-15 06:02:13 +0000"
    },
    "done": true
  },
  "duck-money:recipes/misc/recipe_54": {
    "criteria": {
      "null": "2024-05-15 06:02:13 +0000"
    },
    "done": true
  },
  "duck-money:recipes/misc/recipe_51": {
    "criteria": {
      "null": "2024-05-15 06:02:13 +0000"
    },
    "done": true
  },
  "duck-money:recipes/misc/recipe_52": {
    "criteria": {
      "null": "2024-05-15 06:02:13 +0000"
    },
    "done": true
  },
  "duck-money:recipes/misc/recipe_7": {
    "criteria": {
      "null": "2024-05-15 06:02:13 +0000"
    },
    "done": true
  },
  "farmersdelight:recipes/farmersdelight/cooking/chicken_soup": {
    "criteria": {
      "has_any_ingredient": "2024-05-15 06:12:22 +0000"
    },
    "done": true
  },
  "minecraft:recipes/building_blocks/cobblestone_stairs_from_cobblestone_stonecutting": {
    "criteria": {
      "has_cobblestone": "2024-05-15 06:06:30 +0000"
    },
    "done": true
  },
  "minecraft:recipes/building_blocks/magenta_concrete_powder": {
    "criteria": {
      "has_gravel": "2024-05-15 06:35:17 +0000"
    },
    "done": true
  },
  "duck-money:recipes/misc/recipe_6": {
    "criteria": {
      "null": "2024-05-15 06:02:13 +0000"
    },
    "done": true
  },
  "duck-money:recipes/misc/recipe_50": {
    "criteria": {
      "null": "2024-05-15 06:02:13 +0000"
    },
    "done": true
  },
  "duck-money:recipes/misc/recipe_5": {
    "criteria": {
      "null": "2024-05-15 06:02:13 +0000"
    },
    "done": true
  },
  "duck-money:recipes/misc/recipe_4": {
    "criteria": {
      "null": "2024-05-15 06:02:13 +0000"
    },
    "done": true
  },
  "duck-money:recipes/misc/recipe_9": {
    "criteria": {
      "null": "2024-05-15 06:02:13 +0000"
    },
    "done": true
  },
  "cfm:recipes/cfm/birch_kitchen_sink_light": {
    "criteria": {
      "has_bottom": "2024-05-15 06:04:09 +0000"
    },
    "done": true
  },
  "duck-money:recipes/misc/recipe_8": {
    "criteria": {
      "null": "2024-05-15 06:02:13 +0000"
    },
    "done": true
  },
  "minecraft:recipes/decorations/white_bed": {
    "criteria": {
      "has_white_wool": "2024-05-15 06:14:44 +0000"
    },
    "done": true
  },
  "duck-money:recipes/misc/recipe_3": {
    "criteria": {
      "null": "2024-05-15 06:02:13 +0000"
    },
    "done": true
  },
  "duck-money:recipes/misc/recipe_2": {
    "criteria": {
      "null": "2024-05-15 06:02:13 +0000"
    },
    "done": true
  },
  "duck-money:recipes/misc/recipe_1": {
    "criteria": {
      "null": "2024-05-15 06:02:13 +0000"
    },
    "done": true
  },
  "cfm:recipes/cfm/birch_upgraded_gate": {
    "criteria": {
      "has_log": "2024-05-15 06:04:02 +0000"
    },
    "done": true
  },
  "minecraft:recipes/redstone/birch_pressure_plate": {
    "criteria": {
      "has_planks": "2024-05-15 06:04:09 +0000"
    },
    "done": true
  },
  "minecraft:recipes/decorations/campfire": {
    "criteria": {
      "has_stick": "2024-05-15 06:06:14 +0000"
    },
    "done": true
  },
  "minecraft:recipes/food/bread": {
    "criteria": {
      "has_wheat": "2024-05-15 06:46:27 +0000"
    },
    "done": true
  },
  "minecraft:recipes/misc/iron_nugget": {
    "criteria": {
      "has_iron_ingot": "2024-05-15 06:47:54 +0000"
    },
    "done": true
  },
  "minecraft:recipes/building_blocks/brown_concrete_powder": {
    "criteria": {
      "has_gravel": "2024-05-15 06:35:17 +0000"
    },
    "done": true
  },
  "minecraft:recipes/decorations/black_bed_from_white_bed": {
    "criteria": {
      "has_bed": "2024-05-15 06:20:47 +0000"
    },
    "done": true
  },
  "securitycraft:recipes/securitycraft/track_mine": {
    "criteria": {
      "has_iron": "2024-05-15 06:47:55 +0000"
    },
    "done": true
  },
  "cfm:recipes/cfm/stripped_oak_chair": {
    "criteria": {
      "has_planks": "2024-05-15 06:04:26 +0000"
    },
    "done": true
  },
  "cgm:recipes/cgm/advanced_bullet": {
    "criteria": {
      "has_gunpowder": "2024-05-15 06:19:07 +0000"
    },
    "done": true
  },
  "minecraft:recipes/building_blocks/cyan_wool": {
    "criteria": {
      "has_white_wool": "2024-05-15 06:14:44 +0000"
    },
    "done": true
  },
  "cfm:recipes/cfm/oak_crate": {
    "criteria": {
      "has_log": "2024-05-15 06:04:26 +0000"
    },
    "done": true
  },
  "cfm:recipes/cfm/trampoline": {
    "criteria": {
      "has_iron": "2024-05-15 06:47:54 +0000"
    },
    "done": true
  },
  "cfm:recipes/cfm/stripped_birch_kitchen_counter": {
    "criteria": {
      "has_log": "2024-05-15 06:04:02 +0000"
    },
    "done": true
  },
  "minecraft:recipes/transportation/spruce_boat": {
    "criteria": {
      "in_water": "2024-05-15 06:43:30 +0000"
    },
    "done": true
  },
  "cfm:recipes/cfm/stripped_oak_table": {
    "criteria": {
      "has_planks": "2024-05-15 06:04:26 +0000"
    },
    "done": true
  },
  "securitycraft:recipes/securitycraft/blacklist_module": {
    "criteria": {
      "has_iron": "2024-05-15 06:47:55 +0000"
    },
    "done": true
  },
  "cfm:recipes/cfm/stripped_spruce_park_bench": {
    "criteria": {
      "has_log": "2024-05-15 06:38:54 +0000"
    },
    "done": true
  },
  "securitycraft:recipes/securitycraft/speed_module": {
    "criteria": {
      "has_iron": "2024-05-15 06:47:54 +0000"
    },
    "done": true
  },
  "minecraft:recipes/misc/firework_rocket_simple": {
    "criteria": {
      "has_gunpowder": "2024-05-15 06:19:07 +0000"
    },
    "done": true
  },
  "cfm:recipes/cfm/stripped_spruce_crate": {
    "criteria": {
      "has_planks": "2024-05-15 06:38:54 +0000"
    },
    "done": true
  },
  "securitycraft:recipes/securitycraft/harming_module": {
    "criteria": {
      "has_iron": "2024-05-15 06:47:54 +0000"
    },
    "done": true
  },
  "minecraft:recipes/building_blocks/gray_wool": {
    "criteria": {
      "has_white_wool": "2024-05-15 06:14:44 +0000"
    },
    "done": true
  },
  "cfm:recipes/cfm/oak_kitchen_counter": {
    "criteria": {
      "has_log": "2024-05-15 06:04:26 +0000"
    },
    "done": true
  },
  "cfm:recipes/cfm/stripped_oak_kitchen_drawer": {
    "criteria": {
      "has_log": "2024-05-15 06:04:26 +0000"
    },
    "done": true
  },
  "minecraft:husbandry/balanced_diet": {
    "criteria": {
      "chicken": "2024-05-15 06:12:34 +0000",
      "cooked_mutton": "2024-05-15 06:17:32 +0000",
      "apple": "2024-05-15 06:23:56 +0000",
      "rotten_flesh": "2024-05-15 06:14:21 +0000"
    },
    "done": false
  },
  "minecraft:recipes/tools/wooden_hoe": {
    "criteria": {
      "has_stick": "2024-05-15 06:06:14 +0000"
    },
    "done": true
  },
  "cfm:recipes/cfm/oak_blinds": {
    "criteria": {
      "has_log": "2024-05-15 06:04:26 +0000"
    },
    "done": true
  },
  "cfm:recipes/cfm/birch_park_bench": {
    "criteria": {
      "has_log": "2024-05-15 06:04:02 +0000"
    },
    "done": true
  },
  "minecraft:recipes/misc/bucket": {
    "criteria": {
      "has_iron_ingot": "2024-05-15 06:47:55 +0000"
    },
    "done": true
  },
  "minecraft:recipes/building_blocks/cobblestone_stairs": {
    "criteria": {
      "has_cobblestone": "2024-05-15 06:06:30 +0000"
    },
    "done": true
  },
  "cfm:recipes/cfm/oak_kitchen_sink_dark": {
    "criteria": {
      "has_bottom": "2024-05-15 06:04:39 +0000"
    },
    "done": true
  },
  "minecraft:recipes/building_blocks/birch_slab": {
    "criteria": {
      "has_planks": "2024-05-15 06:04:09 +0000"
    },
    "done": true
  },
  "minecraft:recipes/decorations/yellow_bed_from_white_bed": {
    "criteria": {
      "has_bed": "2024-05-15 06:20:47 +0000"
    },
    "done": true
  },
  "cfm:recipes/cfm/stripped_birch_chair": {
    "criteria": {
      "has_planks": "2024-05-15 06:04:02 +0000"
    },
    "done": true
  },
  "securitycraft:recipes/securitycraft/redstone_module": {
    "criteria": {
      "has_iron": "2024-05-15 06:47:54 +0000"
    },
    "done": true
  },
  "minecraft:recipes/decorations/white_banner": {
    "criteria": {
      "has_white_wool": "2024-05-15 06:14:44 +0000"
    },
    "done": true
  },
  "minecraft:recipes/building_blocks/light_blue_concrete_powder": {
    "criteria": {
      "has_gravel": "2024-05-15 06:35:17 +0000"
    },
    "done": true
  },
  "cgm:recipes/cgm/machine_pistol": {
    "criteria": {
      "has_iron_ingot": "2024-05-15 06:47:54 +0000"
    },
    "done": true
  },
  "cfm:recipes/cfm/stripped_birch_table": {
    "criteria": {
      "has_planks": "2024-05-15 06:04:02 +0000"
    },
    "done": true
  },
  "minecraft:recipes/building_blocks/hay_block": {
    "criteria": {
      "has_wheat": "2024-05-15 06:46:27 +0000"
    },
    "done": true
  },
  "minecraft:recipes/combat/iron_helmet": {
    "criteria": {
      "has_iron_ingot": "2024-05-15 06:47:54 +0000"
    },
    "done": true
  },
  "cfm:recipes/cfm/yellow_grill": {
    "criteria": {
      "has_iron": "2024-05-15 06:47:55 +0000"
    },
    "done": true
  },
  "minecraft:recipes/food/cooked_chicken_from_smoking": {
    "criteria": {
      "has_chicken": "2024-05-15 06:12:22 +0000"
    },
    "done": true
  },
  "minecraft:recipes/redstone/oak_fence_gate": {
    "criteria": {
      "has_planks": "2024-05-15 06:04:39 +0000"
    },
    "done": true
  },
  "minecraft:recipes/redstone/tnt": {
    "criteria": {
      "has_gunpowder": "2024-05-15 06:19:07 +0000"
    },
    "done": true
  },
  "cfm:recipes/cfm/white_sofa": {
    "criteria": {
      "has_wool": "2024-05-15 06:14:44 +0000"
    },
    "done": true
  },
  "minecraft:recipes/building_blocks/purple_concrete_powder": {
    "criteria": {
      "has_gravel": "2024-05-15 06:35:17 +0000"
    },
    "done": true
  },
  "minecraft:recipes/decorations/orange_bed_from_white_bed": {
    "criteria": {
      "has_bed": "2024-05-15 06:20:47 +0000"
    },
    "done": true
  },
  "minecraft:story/mine_stone": {
    "criteria": {
      "get_stone": "2024-05-15 06:06:30 +0000"
    },
    "done": true
  },
  "minecraft:recipes/decorations/furnace": {
    "criteria": {
      "has_cobblestone": "2024-05-15 06:06:30 +0000"
    },
    "done": true
  },
  "cfm:recipes/cfm/stripped_spruce_table": {
    "criteria": {
      "has_planks": "2024-05-15 06:38:54 +0000"
    },
    "done": true
  },
  "minecraft:recipes/transportation/minecart": {
    "criteria": {
      "has_iron_ingot": "2024-05-15 06:47:55 +0000"
    },
    "done": true
  },
  "cfm:recipes/cfm/spruce_blinds": {
    "criteria": {
      "has_log": "2024-05-15 06:38:54 +0000"
    },
    "done": true
  },
  "minecraft:recipes/misc/charcoal": {
    "criteria": {
      "has_log": "2024-05-15 06:04:02 +0000"
    },
    "done": true
  },
  "minecraft:recipes/building_blocks/orange_wool": {
    "criteria": {
      "has_white_wool": "2024-05-15 06:14:44 +0000"
    },
    "done": true
  },
  "minecraft:recipes/tools/iron_hoe": {
    "criteria": {
      "has_iron_ingot": "2024-05-15 06:47:55 +0000"
    },
    "done": true
  },
  "minecraft:recipes/tools/wooden_pickaxe": {
    "criteria": {
      "has_stick": "2024-05-15 06:06:14 +0000"
    },
    "done": true
  },
  "minecraft:husbandry/root": {
    "criteria": {
      "consumed_item": "2024-05-15 06:12:34 +0000"
    },
    "done": true
  },
  "minecraft:recipes/transportation/birch_boat": {
    "criteria": {
      "in_water": "2024-05-15 06:43:30 +0000"
    },
    "done": true
  },
  "securitycraft:recipes/securitycraft/sonic_security_system": {
    "criteria": {
      "has_stick": "2024-05-15 06:06:14 +0000"
    },
    "done": true
  },
  "minecraft:recipes/building_blocks/green_concrete_powder": {
    "criteria": {
      "has_gravel": "2024-05-15 06:35:17 +0000"
    },
    "done": true
  },
  "minecraft:recipes/tools/iron_shovel": {
    "criteria": {
      "has_iron_ingot": "2024-05-15 06:47:54 +0000"
    },
    "done": true
  },
  "minecraft:recipes/decorations/cyan_bed_from_white_bed": {
    "criteria": {
      "has_bed": "2024-05-15 06:20:47 +0000"
    },
    "done": true
  },
  "farmersdelight:main/root": {
    "criteria": {
      "seeds": "2024-05-15 06:02:13 +0000"
    },
    "done": true
  },
  "minecraft:recipes/decorations/lime_bed_from_white_bed": {
    "criteria": {
      "has_bed": "2024-05-15 06:20:47 +0000"
    },
    "done": true
  },
  "minecraft:recipes/tools/stone_hoe": {
    "criteria": {
      "has_cobblestone": "2024-05-15 06:06:30 +0000"
    },
    "done": true
  },
  "minecraft:recipes/decorations/spruce_fence": {
    "criteria": {
      "has_planks": "2024-05-15 06:39:28 +0000"
    },
    "done": true
  },
  "cfm:recipes/cfm/oak_upgraded_gate": {
    "criteria": {
      "has_log": "2024-05-15 06:04:26 +0000"
    },
    "done": true
  },
  "minecraft:recipes/decorations/green_bed_from_white_bed": {
    "criteria": {
      "has_bed": "2024-05-15 06:20:47 +0000"
    },
    "done": true
  },
  "cfm:recipes/cfm/spruce_upgraded_fence": {
    "criteria": {
      "has_log": "2024-05-15 06:38:54 +0000"
    },
    "done": true
  },
  "farmersdelight:recipes/farmersdelight/cooking/dog_food": {
    "criteria": {
      "has_any_ingredient": "2024-05-15 06:14:12 +0000"
    },
    "done": true
  },
  "farmersdelight:recipes/farmersdelight/wheat_dough_from_water": {
    "criteria": {
      "has_wheat": "2024-05-15 06:46:27 +0000"
    },
    "done": true
  },
  "cfm:recipes/cfm/stripped_spruce_coffee_table": {
    "criteria": {
      "has_planks": "2024-05-15 06:38:54 +0000"
    },
    "done": true
  },
  "cfm:recipes/cfm/stripped_birch_desk": {
    "criteria": {
      "has_planks": "2024-05-15 06:04:02 +0000"
    },
    "done": true
  },
  "minecraft:recipes/decorations/white_carpet": {
    "criteria": {
      "has_white_wool": "2024-05-15 06:14:44 +0000"
    },
    "done": true
  },
  "minecraft:recipes/building_blocks/spruce_stairs": {
    "criteria": {
      "has_planks": "2024-05-15 06:39:28 +0000"
    },
    "done": true
  },
  "minecraft:recipes/redstone/birch_door": {
    "criteria": {
      "has_planks": "2024-05-15 06:04:09 +0000"
    },
    "done": true
  },
  "cfm:recipes/cfm/white_grill": {
    "criteria": {
      "has_iron": "2024-05-15 06:47:55 +0000"
    },
    "done": true
  },
  "betterdeserttemples:root": {
    "criteria": {
      "always": "2024-05-15 06:00:48 +0000"
    },
    "done": true
  },
  "minecraft:story/upgrade_tools": {
    "criteria": {
      "stone_pickaxe": "2024-05-15 06:06:49 +0000"
    },
    "done": true
  },
  "minecraft:recipes/transportation/oak_boat": {
    "criteria": {
      "in_water": "2024-05-15 06:43:30 +0000"
    },
    "done": true
  },
  "minecraft:recipes/decorations/birch_fence": {
    "criteria": {
      "has_planks": "2024-05-15 06:04:09 +0000"
    },
    "done": true
  },
  "minecraft:recipes/decorations/blue_bed_from_white_bed": {
    "criteria": {
      "has_bed": "2024-05-15 06:20:47 +0000"
    },
    "done": true
  },
  "cgm:recipes/cgm/rifle": {
    "criteria": {
      "has_iron_ingot": "2024-05-15 06:47:54 +0000"
    },
    "done": true
  },
  "minecraft:recipes/building_blocks/cyan_concrete_powder": {
    "criteria": {
      "has_gravel": "2024-05-15 06:35:17 +0000"
    },
    "done": true
  },
  "cfm:recipes/cfm/oak_park_bench": {
    "criteria": {
      "has_log": "2024-05-15 06:04:26 +0000"
    },
    "done": true
  },
  "minecraft:recipes/tools/wooden_axe": {
    "criteria": {
      "has_stick": "2024-05-15 06:06:14 +0000"
    },
    "done": true
  },
  "minecraft:recipes/decorations/spruce_sign": {
    "criteria": {
      "has_planks": "2024-05-15 06:39:28 +0000"
    },
    "done": true
  },
  "minecraft:recipes/building_blocks/lime_wool": {
    "criteria": {
      "has_white_wool": "2024-05-15 06:14:44 +0000"
    },
    "done": true
  },
  "securitycraft:recipes/securitycraft/keycard_lv2": {
    "criteria": {
      "has_iron": "2024-05-15 06:47:54 +0000"
    },
    "done": true
  },
  "securitycraft:recipes/securitycraft/keycard_lv1": {
    "criteria": {
      "has_iron": "2024-05-15 06:47:55 +0000"
    },
    "done": true
  },
  "cfm:recipes/cfm/stripped_birch_cabinet": {
    "criteria": {
      "has_log": "2024-05-15 06:04:02 +0000"
    },
    "done": true
  },
  "cfm:recipes/cfm/stripped_birch_desk_cabinet": {
    "criteria": {
      "has_planks": "2024-05-15 06:04:02 +0000"
    },
    "done": true
  },
  "minecraft:recipes/building_blocks/green_wool": {
    "criteria": {
      "has_white_wool": "2024-05-15 06:14:44 +0000"
    },
    "done": true
  },
  "securitycraft:recipes/securitycraft/bouncing_betty": {
    "criteria": {
      "has_iron": "2024-05-15 06:47:54 +0000"
    },
    "done": true
  },
  "cfm:recipes/cfm/light_gray_grill": {
    "criteria": {
      "has_iron": "2024-05-15 06:47:54 +0000"
    },
    "done": true
  },
  "minecraft:recipes/building_blocks/brown_wool": {
    "criteria": {
      "has_white_wool": "2024-05-15 06:14:44 +0000"
    },
    "done": true
  },
  "farmersdelight:recipes/farmersdelight/cooking/pasta_with_mutton_chop": {
    "criteria": {
      "has_any_ingredient": "2024-05-15 06:14:43 +0000"
    },
    "done": true
  },
  "cfm:recipes/cfm/stripped_birch_kitchen_drawer": {
    "criteria": {
      "has_log": "2024-05-15 06:04:02 +0000"
    },
    "done": true
  },
  "minecraft:recipes/decorations/painting": {
    "criteria": {
      "has_wool": "2024-05-15 06:14:44 +0000"
    },
    "done": true
  },
  "securitycraft:recipes/securitycraft/keycard_lv4": {
    "criteria": {
      "has_iron": "2024-05-15 06:47:55 +0000"
    },
    "done": true
  },
  "securitycraft:recipes/securitycraft/sc_manual": {
    "criteria": {
      "has_wood": "2024-05-15 06:04:02 +0000"
    },
    "done": true
  },
  "securitycraft:recipes/securitycraft/keycard_lv3": {
    "criteria": {
      "has_iron": "2024-05-15 06:47:55 +0000"
    },
    "done": true
  },
  "securitycraft:recipes/securitycraft/keycard_lv5": {
    "criteria": {
      "has_iron": "2024-05-15 06:47:55 +0000"
    },
    "done": true
  },
  "minecraft:recipes/combat/arrow": {
    "criteria": {
      "has_feather": "2024-05-15 06:12:22 +0000"
    },
    "done": true
  },
  "minecraft:recipes/building_blocks/coal_block": {
    "criteria": {
      "has_coal": "2024-05-15 06:07:30 +0000"
    },
    "done": true
  },
  "cfm:recipes/cfm/stripped_oak_bedside_cabinet": {
    "criteria": {
      "has_planks": "2024-05-15 06:04:26 +0000"
    },
    "done": true
  },
  "cfm:recipes/cfm/birch_kitchen_counter": {
    "criteria": {
      "has_log": "2024-05-15 06:04:02 +0000"
    },
    "done": true
  },
  "cfm:recipes/cfm/spruce_upgraded_gate": {
    "criteria": {
      "has_log": "2024-05-15 06:38:54 +0000"
    },
    "done": true
  },
  "cfm:recipes/cfm/spatula": {
    "criteria": {
      "has_iron": "2024-05-15 06:47:55 +0000"
    },
    "done": true
  },
  "minecraft:recipes/tools/stone_shovel": {
    "criteria": {
      "has_cobblestone": "2024-05-15 06:06:30 +0000"
    },
    "done": true
  },
  "minecraft:recipes/building_blocks/blue_concrete_powder": {
    "criteria": {
      "has_gravel": "2024-05-15 06:35:17 +0000"
    },
    "done": true
  },
  "farmersdelight:recipes/farmersdelight/cooking/bone_broth": {
    "criteria": {
      "has_bone": "2024-05-15 06:19:20 +0000"
    },
    "done": true
  },
  "minecraft:recipes/building_blocks/spruce_slab": {
    "criteria": {
      "has_planks": "2024-05-15 06:39:28 +0000"
    },
    "done": true
  },
  "securitycraft:recipes/securitycraft/reinforced_andesite": {
    "criteria": {
      "has_cobblestone": "2024-05-15 06:06:30 +0000"
    },
    "done": true
  },
  "cfm:recipes/cfm/birch_coffee_table": {
    "criteria": {
      "has_log": "2024-05-15 06:04:02 +0000"
    },
    "done": true
  },
  "cgm:recipes/cgm/workbench": {
    "criteria": {
      "has_iron": "2024-05-15 06:47:54 +0000"
    },
    "done": true
  },
  "butchercraft:recipes/butchercraft.items/bone_saw": {
    "criteria": {
      "has_iron": "2024-05-15 06:47:55 +0000"
    },
    "done": true
  },
  "cfm:recipes/cfm/oak_table": {
    "criteria": {
      "has_log": "2024-05-15 06:04:26 +0000"
    },
    "done": true
  },
  "cfm:recipes/cfm/spruce_desk": {
    "criteria": {
      "has_log": "2024-05-15 06:38:54 +0000"
    },
    "done": true
  },
  "butchercraft:recipes/butchercraft.items/meat_hook": {
    "criteria": {
      "has_iron": "2024-05-15 06:47:54 +0000"
    },
    "done": true
  },
  "farmersdelight:recipes/farmersdelight/shepherds_pie_block": {
    "criteria": {
      "has_cooked_mutton": "2024-05-15 06:16:49 +0000"
    },
    "done": true
  },
  "cfm:recipes/cfm/stripped_spruce_chair": {
    "criteria": {
      "has_planks": "2024-05-15 06:38:54 +0000"
    },
    "done": true
  },
  "minecraft:recipes/redstone/oak_pressure_plate": {
    "criteria": {
      "has_planks": "2024-05-15 06:04:39 +0000"
    },
    "done": true
  },
  "cgm:recipes/cgm/bazooka": {
    "criteria": {
      "has_iron_ingot": "2024-05-15 06:47:54 +0000"
    },
    "done": true
  },
  "cfm:recipes/cfm/birch_chair": {
    "criteria": {
      "has_log": "2024-05-15 06:04:02 +0000"
    },
    "done": true
  },
  "cfm:recipes/cfm/oak_desk": {
    "criteria": {
      "has_log": "2024-05-15 06:04:26 +0000"
    },
    "done": true
  },
  "cgm:recipes/cgm/shotgun": {
    "criteria": {
      "has_iron_ingot": "2024-05-15 06:47:55 +0000"
    },
    "done": true
  },
  "cfm:recipes/cfm/stripped_birch_crate": {
    "criteria": {
      "has_planks": "2024-05-15 06:04:02 +0000"
    },
    "done": true
  },
  "cfm:recipes/cfm/stripped_spruce_kitchen_counter": {
    "criteria": {
      "has_log": "2024-05-15 06:38:54 +0000"
    },
    "done": true
  },
  "minecraft:recipes/building_blocks/oak_wood": {
    "criteria": {
      "has_log": "2024-05-15 06:04:26 +0000"
    },
    "done": true
  },
  "minecraft:story/root": {
    "criteria": {
      "crafting_table": "2024-05-15 06:06:07 +0000"
    },
    "done": true
  },
  "cgm:recipes/cgm/shell": {
    "criteria": {
      "has_gunpowder": "2024-05-15 06:19:07 +0000"
    },
    "done": true
  },
  "duck-money:recipes/misc/recipe_13": {
    "criteria": {
      "null": "2024-05-15 06:02:13 +0000"
    },
    "done": true
  },
  "duck-money:recipes/misc/recipe_14": {
    "criteria": {
      "null": "2024-05-15 06:02:13 +0000"
    },
    "done": true
  },
  "duck-money:recipes/misc/recipe_11": {
    "criteria": {
      "null": "2024-05-15 06:02:13 +0000"
    },
    "done": true
  },
  "duck-money:recipes/misc/recipe_12": {
    "criteria": {
      "null": "2024-05-15 06:02:13 +0000"
    },
    "done": true
  },
  "cfm:recipes/cfm/stripped_birch_park_bench": {
    "criteria": {
      "has_log": "2024-05-15 06:04:02 +0000"
    },
    "done": true
  },
  "duck-money:recipes/misc/recipe_10": {
    "criteria": {
      "null": "2024-05-15 06:02:13 +0000"
    },
    "done": true
  },
  "minecraft:recipes/redstone/oak_button": {
    "criteria": {
      "has_planks": "2024-05-15 06:04:39 +0000"
    },
    "done": true
  },
  "cfm:recipes/cfm/oak_cabinet": {
    "criteria": {
      "has_log": "2024-05-15 06:04:26 +0000"
    },
    "done": true
  },
  "farmersdelight:recipes/farmersdelight/flint_knife": {
    "criteria": {
      "has_stick": "2024-05-15 06:06:14 +0000"
    },
    "done": true
  },
  "duck-money:recipes/misc/recipe_19": {
    "criteria": {
      "null": "2024-05-15 06:02:13 +0000"
    },
    "done": true
  },
  "duck-money:recipes/misc/recipe_17": {
    "criteria": {
      "null": "2024-05-15 06:02:13 +0000"
    },
    "done": true
  },
  "duck-money:recipes/misc/recipe_18": {
    "criteria": {
      "null": "2024-05-15 06:02:13 +0000"
    },
    "done": true
  },
  "duck-money:recipes/misc/recipe_15": {
    "criteria": {
      "null": "2024-05-15 06:02:13 +0000"
    },
    "done": true
  },
  "minecraft:recipes/redstone/iron_door": {
    "criteria": {
      "has_iron_ingot": "2024-05-15 06:47:54 +0000"
    },
    "done": true
  },
  "duck-money:recipes/misc/recipe_16": {
    "criteria": {
      "null": "2024-05-15 06:02:13 +0000"
    },
    "done": true
  },
  "duck-money:recipes/misc/recipe_24": {
    "criteria": {
      "null": "2024-05-15 06:02:13 +0000"
    },
    "done": true
  },
  "duck-money:recipes/misc/recipe_25": {
    "criteria": {
      "null": "2024-05-15 06:02:13 +0000"
    },
    "done": true
  },
  "duck-money:recipes/misc/recipe_22": {
    "criteria": {
      "null": "2024-05-15 06:02:13 +0000"
    },
    "done": true
  },
  "duck-money:recipes/misc/recipe_23": {
    "criteria": {
      "null": "2024-05-15 06:02:13 +0000"
    },
    "done": true
  },
  "duck-money:recipes/misc/recipe_20": {
    "criteria": {
      "null": "2024-05-15 06:02:13 +0000"
    },
    "done": true
  },
  "duck-money:recipes/misc/recipe_21": {
    "criteria": {
      "null": "2024-05-15 06:02:13 +0000"
    },
    "done": true
  },
  "minecraft:recipes/misc/copper_ingot_from_smelting_raw_copper": {
    "criteria": {
      "has_raw_copper": "2024-05-15 06:43:54 +0000"
    },
    "done": true
  },
  "cfm:recipes/cfm/gray_grill": {
    "criteria": {
      "has_iron": "2024-05-15 06:47:54 +0000"
    },
    "done": true
  },
  "minecraft:recipes/redstone/oak_door": {
    "criteria": {
      "has_planks": "2024-05-15 06:04:39 +0000"
    },
    "done": true
  },
  "cfm:recipes/cfm/lime_grill": {
    "criteria": {
      "has_iron": "2024-05-15 06:47:55 +0000"
    },
    "done": true
  },
  "cfm:recipes/cfm/spruce_kitchen_sink_light": {
    "criteria": {
      "has_bottom": "2024-05-15 06:39:28 +0000"
    },
    "done": true
  },
  "securitycraft:recipes/securitycraft/motion_activated_light": {
    "criteria": {
      "has_stick": "2024-05-15 06:06:14 +0000"
    },
    "done": true
  },
  "cfm:recipes/cfm/door_mat": {
    "criteria": {
      "has_wheat": "2024-05-15 06:46:27 +0000"
    },
    "done": true
  },
  "minecraft:recipes/transportation/jungle_boat": {
    "criteria": {
      "in_water": "2024-05-15 06:43:30 +0000"
    },
    "done": true
  },
  "cgm:recipes/cgm/pistol": {
    "criteria": {
      "has_iron_ingot": "2024-05-15 06:47:54 +0000"
    },
    "done": true
  },
  "duck-money:recipes/misc/recipe_28": {
    "criteria": {
      "null": "2024-05-15 06:02:13 +0000"
    },
    "done": true
  },
  "duck-money:recipes/misc/recipe_29": {
    "criteria": {
      "null": "2024-05-15 06:02:13 +0000"
    },
    "done": true
  },
  "duck-money:recipes/misc/recipe_26": {
    "criteria": {
      "null": "2024-05-15 06:02:13 +0000"
    },
    "done": true
  },
  "duck-money:recipes/misc/recipe_27": {
    "criteria": {
      "null": "2024-05-15 06:02:13 +0000"
    },
    "done": true
  },
  "securitycraft:recipes/securitycraft/mine": {
    "criteria": {
      "has_iron": "2024-05-15 06:47:54 +0000"
    },
    "done": true
  },
  "minecraft:recipes/building_blocks/birch_stairs": {
    "criteria": {
      "has_planks": "2024-05-15 06:04:09 +0000"
    },
    "done": true
  },
  "duck-money:recipes/misc/recipe_35": {
    "criteria": {
      "null": "2024-05-15 06:02:13 +0000"
    },
    "done": true
  },
  "duck-money:recipes/misc/recipe_36": {
    "criteria": {
      "null": "2024-05-15 06:02:13 +0000"
    },
    "done": true
  },
  "duck-money:recipes/misc/recipe_33": {
    "criteria": {
      "null": "2024-05-15 06:02:13 +0000"
    },
    "done": true
  },
  "duck-money:recipes/misc/recipe_34": {
    "criteria": {
      "null": "2024-05-15 06:02:13 +0000"
    },
    "done": true
  },
  "minecraft:recipes/redstone/heavy_weighted_pressure_plate": {
    "criteria": {
      "has_iron_ingot": "2024-05-15 06:47:54 +0000"
    },
    "done": true
  },
  "duck-money:recipes/misc/recipe_31": {
    "criteria": {
      "null": "2024-05-15 06:02:13 +0000"
    },
    "done": true
  },
  "duck-money:recipes/misc/recipe_32": {
    "criteria": {
      "null": "2024-05-15 06:02:13 +0000"
    },
    "done": true
  },
  "minecraft:recipes/transportation/dark_oak_boat": {
    "criteria": {
      "in_water": "2024-05-15 06:43:30 +0000"
    },
    "done": true
  },
  "duck-money:recipes/misc/recipe_30": {
    "criteria": {
      "null": "2024-05-15 06:02:13 +0000"
    },
    "done": true
  },
  "minecraft:recipes/building_blocks/pink_wool": {
    "criteria": {
      "has_white_wool": "2024-05-15 06:14:44 +0000"
    },
    "done": true
  },
  "butchercraft:recipes/farmersdelight/kebab": {
    "criteria": {
      "has_stick": "2024-05-15 06:06:14 +0000"
    },
    "done": true
  },
  "minecraft:recipes/decorations/brown_bed_from_white_bed": {
    "criteria": {
      "has_bed": "2024-05-15 06:20:47 +0000"
    },
    "done": true
  },
  "cfm:recipes/cfm/cyan_grill": {
    "criteria": {
      "has_iron": "2024-05-15 06:47:55 +0000"
    },
    "done": true
  },
  "minecraft:recipes/redstone/birch_trapdoor": {
    "criteria": {
      "has_planks": "2024-05-15 06:04:09 +0000"
    },
    "done": true
  },
  "securitycraft:recipes/securitycraft/briefcase": {
    "criteria": {
      "has_iron": "2024-05-15 06:47:55 +0000"
    },
    "done": true
  },
  "duck-money:recipes/misc/recipe_39": {
    "criteria": {
      "null": "2024-05-15 06:02:13 +0000"
    },
    "done": true
  },
  "cfm:recipes/cfm/oak_upgraded_fence": {
    "criteria": {
      "has_log": "2024-05-15 06:04:26 +0000"
    },
    "done": true
  },
  "duck-money:recipes/misc/recipe_37": {
    "criteria": {
      "null": "2024-05-15 06:02:13 +0000"
    },
    "done": true
  },
  "minecraft:recipes/redstone/spruce_trapdoor": {
    "criteria": {
      "has_planks": "2024-05-15 06:39:28 +0000"
    },
    "done": true
  },
  "duck-money:recipes/misc/recipe_38": {
    "criteria": {
      "null": "2024-05-15 06:02:13 +0000"
    },
    "done": true
  },
  "duck-money:recipes/misc/recipe_46": {
    "criteria": {
      "null": "2024-05-15 06:02:13 +0000"
    },
    "done": true
  },
  "duck-money:recipes/misc/recipe_47": {
    "criteria": {
      "null": "2024-05-15 06:02:13 +0000"
    },
    "done": true
  },
  "duck-money:recipes/misc/recipe_44": {
    "criteria": {
      "null": "2024-05-15 06:02:13 +0000"
    },
    "done": true
  },
  "duck-money:recipes/misc/recipe_45": {
    "criteria": {
      "null": "2024-05-15 06:02:13 +0000"
    },
    "done": true
  },
  "duck-money:recipes/misc/recipe_42": {
    "criteria": {
      "null": "2024-05-15 06:02:13 +0000"
    },
    "done": true
  },
  "duck-money:recipes/misc/recipe_43": {
    "criteria": {
      "null": "2024-05-15 06:02:13 +0000"
    },
    "done": true
  },
  "duck-money:recipes/misc/recipe_40": {
    "criteria": {
      "null": "2024-05-15 06:02:13 +0000"
    },
    "done": true
  },
  "duck-money:recipes/misc/recipe_41": {
    "criteria": {
      "null": "2024-05-15 06:02:13 +0000"
    },
    "done": true
  },
  "securitycraft:recipes/securitycraft/reinforced_fence_gate": {
    "criteria": {
      "has_iron": "2024-05-15 06:47:54 +0000"
    },
    "done": true
  },
  "minecraft:recipes/decorations/soul_campfire": {
    "criteria": {
      "has_stick": "2024-05-15 06:06:14 +0000"
    },
    "done": true
  },
  "minecraft:story/smelt_iron": {
    "criteria": {
      "iron": "2024-05-15 06:47:54 +0000"
    },
    "done": true
  },
  "minecraft:recipes/decorations/light_gray_bed_from_white_bed": {
    "criteria": {
      "has_bed": "2024-05-15 06:20:47 +0000"
    },
    "done": true
  },
  "cfm:recipes/cfm/oak_kitchen_sink_light": {
    "criteria": {
      "has_bottom": "2024-05-15 06:04:39 +0000"
    },
    "done": true
  },
  "duck-money:recipes/misc/recipe_48": {
    "criteria": {
      "null": "2024-05-15 06:02:13 +0000"
    },
    "done": true
  },
  "cfm:recipes/cfm/oak_coffee_table": {
    "criteria": {
      "has_log": "2024-05-15 06:04:26 +0000"
    },
    "done": true
  },
  "cfm:recipes/cfm/spruce_desk_cabinet": {
    "criteria": {
      "has_log": "2024-05-15 06:38:54 +0000"
    },
    "done": true
  },
  "cfm:recipes/cfm/fridge_light": {
    "criteria": {
      "has_iron": "2024-05-15 06:47:54 +0000"
    },
    "done": true
  },
  "duck-money:recipes/misc/recipe_49": {
    "criteria": {
      "null": "2024-05-15 06:02:13 +0000"
    },
    "done": true
  },
  "DataVersion": 3120
}