{
  "minecraft:recipes/decorations/smoker": {
    "criteria": {
      "has_furnace": "2024-05-15 06:06:36 +0000"
    },
    "done": true
  },
  "minecraft:recipes/food/cooked_mutton_from_campfire_cooking": {
    "criteria": {
      "has_mutton": "2024-05-15 06:16:34 +0000"
    },
    "done": true
  },
  "minecraft:recipes/decorations/blue_candle": {
    "criteria": {
      "has_blue_dye": "2024-05-15 06:23:16 +0000"
    },
    "done": true
  },
  "minecraft:recipes/building_blocks/purple_wool": {
    "criteria": {
      "has_white_wool": "2024-05-15 06:16:34 +0000"
    },
    "done": true
  },
  "duck-money:recipes/misc/recipe_53": {
    "criteria": {
      "null": "2024-05-15 06:03:11 +0000"
    },
    "done": true
  },
  "duck-money:recipes/misc/recipe_54": {
    "criteria": {
      "null": "2024-05-15 06:03:11 +0000"
    },
    "done": true
  },
  "duck-money:recipes/misc/recipe_51": {
    "criteria": {
      "null": "2024-05-15 06:03:11 +0000"
    },
    "done": true
  },
  "duck-money:recipes/misc/recipe_52": {
    "criteria": {
      "null": "2024-05-15 06:03:11 +0000"
    },
    "done": true
  },
  "minecraft:recipes/redstone/lever": {
    "criteria": {
      "has_cobblestone": "2024-05-15 06:06:00 +0000"
    },
    "done": true
  },
  "duck-money:recipes/misc/recipe_7": {
    "criteria": {
      "null": "2024-05-15 06:03:11 +0000"
    },
    "done": true
  },
  "minecraft:recipes/building_blocks/cobblestone_stairs_from_cobblestone_stonecutting": {
    "criteria": {
      "has_cobblestone": "2024-05-15 06:06:00 +0000"
    },
    "done": true
  },
  "duck-money:recipes/misc/recipe_6": {
    "criteria": {
      "null": "2024-05-15 06:03:11 +0000"
    },
    "done": true
  },
  "duck-money:recipes/misc/recipe_50": {
    "criteria": {
      "null": "2024-05-15 06:03:11 +0000"
    },
    "done": true
  },
  "duck-money:recipes/misc/recipe_5": {
    "criteria": {
      "null": "2024-05-15 06:03:11 +0000"
    },
    "done": true
  },
  "duck-money:recipes/misc/recipe_4": {
    "criteria": {
      "null": "2024-05-15 06:03:11 +0000"
    },
    "done": true
  },
  "duck-money:recipes/misc/recipe_9": {
    "criteria": {
      "null": "2024-05-15 06:03:11 +0000"
    },
    "done": true
  },
  "duck-money:recipes/misc/recipe_8": {
    "criteria": {
      "null": "2024-05-15 06:03:11 +0000"
    },
    "done": true
  },
  "cfm:recipes/cfm/birch_kitchen_sink_light": {
    "criteria": {
      "has_bottom": "2024-05-15 06:05:27 +0000"
    },
    "done": true
  },
  "duck-money:recipes/misc/recipe_3": {
    "criteria": {
      "null": "2024-05-15 06:03:11 +0000"
    },
    "done": true
  },
  "minecraft:recipes/decorations/white_bed": {
    "criteria": {
      "has_white_wool": "2024-05-15 06:16:34 +0000"
    },
    "done": true
  },
  "duck-money:recipes/misc/recipe_2": {
    "criteria": {
      "null": "2024-05-15 06:03:11 +0000"
    },
    "done": true
  },
  "duck-money:recipes/misc/recipe_1": {
    "criteria": {
      "null": "2024-05-15 06:03:11 +0000"
    },
    "done": true
  },
  "cfm:recipes/cfm/birch_upgraded_gate": {
    "criteria": {
      "has_log": "2024-05-15 06:03:56 +0000"
    },
    "done": true
  },
  "minecraft:recipes/redstone/birch_pressure_plate": {
    "criteria": {
      "has_planks": "2024-05-15 06:05:27 +0000"
    },
    "done": true
  },
  "minecraft:recipes/decorations/crafting_table": {
    "criteria": {
      "has_planks": "2024-05-15 06:05:27 +0000"
    },
    "done": true
  },
  "minecraft:recipes/decorations/campfire": {
    "criteria": {
      "has_stick": "2024-05-15 06:05:39 +0000"
    },
    "done": true
  },
  "minecraft:recipes/building_blocks/magenta_wool": {
    "criteria": {
      "has_white_wool": "2024-05-15 06:16:34 +0000"
    },
    "done": true
  },
  "cfm:recipes/cfm/birch_desk": {
    "criteria": {
      "has_log": "2024-05-15 06:03:56 +0000"
    },
    "done": true
  },
  "cfm:recipes/cfm/dye_blue_picket_gate": {
    "criteria": {
      "has_dye": "2024-05-15 06:23:16 +0000"
    },
    "done": true
  },
  "minecraft:recipes/decorations/ladder": {
    "criteria": {
      "has_stick": "2024-05-15 06:05:39 +0000"
    },
    "done": true
  },
  "minecraft:recipes/decorations/chest": {
    "criteria": {
      "has_lots_of_items": "2024-05-15 06:06:36 +0000"
    },
    "done": true
  },
  "minecraft:recipes/decorations/black_bed_from_white_bed": {
    "criteria": {
      "has_bed": "2024-05-15 06:23:13 +0000"
    },
    "done": true
  },
  "cfm:recipes/cfm/stripped_birch_bedside_cabinet": {
    "criteria": {
      "has_planks": "2024-05-15 06:03:56 +0000"
    },
    "done": true
  },
  "minecraft:recipes/tools/wooden_shovel": {
    "criteria": {
      "has_stick": "2024-05-15 06:05:39 +0000"
    },
    "done": true
  },
  "minecraft:recipes/decorations/torch": {
    "criteria": {
      "has_stone_pickaxe": "2024-05-15 06:06:17 +0000"
    },
    "done": true
  },
  "cfm:recipes/cfm/stripped_oak_chair": {
    "criteria": {
      "has_planks": "2024-05-15 06:15:33 +0000"
    },
    "done": true
  },
  "minecraft:recipes/decorations/blue_stained_glass_pane_from_glass_pane": {
    "criteria": {
      "has_blue_dye": "2024-05-15 06:23:16 +0000"
    },
    "done": true
  },
  "minecraft:recipes/building_blocks/cyan_wool": {
    "criteria": {
      "has_white_wool": "2024-05-15 06:16:34 +0000"
    },
    "done": true
  },
  "cfm:recipes/cfm/oak_crate": {
    "criteria": {
      "has_planks": "2024-05-15 06:07:11 +0000"
    },
    "done": true
  },
  "minecraft:recipes/misc/stick": {
    "criteria": {
      "has_planks": "2024-05-15 06:05:27 +0000"
    },
    "done": true
  },
  "cfm:recipes/cfm/stripped_birch_kitchen_counter": {
    "criteria": {
      "has_log": "2024-05-15 06:03:56 +0000"
    },
    "done": true
  },
  "cfm:recipes/cfm/stripped_oak_table": {
    "criteria": {
      "has_planks": "2024-05-15 06:15:33 +0000"
    },
    "done": true
  },
  "minecraft:recipes/building_blocks/gray_wool": {
    "criteria": {
      "has_white_wool": "2024-05-15 06:16:34 +0000"
    },
    "done": true
  },
  "cfm:recipes/cfm/oak_kitchen_counter": {
    "criteria": {
      "has_planks": "2024-05-15 06:07:11 +0000"
    },
    "done": true
  },
  "cfm:recipes/cfm/stripped_oak_kitchen_drawer": {
    "criteria": {
      "has_log": "2024-05-15 06:15:33 +0000"
    },
    "done": true
  },
  "minecraft:husbandry/balanced_diet": {
    "criteria": {
      "cooked_mutton": "2024-05-15 06:21:24 +0000"
    },
    "done": false
  },
  "minecraft:recipes/tools/wooden_hoe": {
    "criteria": {
      "has_stick": "2024-05-15 06:05:39 +0000"
    },
    "done": true
  },
  "cfm:recipes/cfm/oak_blinds": {
    "criteria": {
      "has_log": "2024-05-15 06:15:33 +0000"
    },
    "done": true
  },
  "cfm:recipes/cfm/birch_park_bench": {
    "criteria": {
      "has_log": "2024-05-15 06:03:56 +0000"
    },
    "done": true
  },
  "minecraft:recipes/building_blocks/cobblestone_slab": {
    "criteria": {
      "has_cobblestone": "2024-05-15 06:06:00 +0000"
    },
    "done": true
  },
  "farmersrespite:recipes/farmersrespite/brewing/dandelion_tea": {
    "criteria": {
      "has_any_ingredient": "2024-05-15 06:14:38 +0000"
    },
    "done": true
  },
  "cfm:recipes/cfm/oak_bedside_cabinet": {
    "criteria": {
      "has_planks": "2024-05-15 06:07:11 +0000"
    },
    "done": true
  },
  "cfm:recipes/cfm/birch_crate": {
    "criteria": {
      "has_log": "2024-05-15 06:03:56 +0000"
    },
    "done": true
  },
  "minecraft:recipes/building_blocks/cobblestone_stairs": {
    "criteria": {
      "has_cobblestone": "2024-05-15 06:06:00 +0000"
    },
    "done": true
  },
  "cfm:recipes/cfm/oak_kitchen_sink_dark": {
    "criteria": {
      "has_bottom": "2024-05-15 06:07:11 +0000"
    },
    "done": true
  },
  "securitycraft:recipes/securitycraft/secret_jungle_sign_item": {
    "criteria": {
      "has_sign": "2024-05-15 06:23:28 +0000"
    },
    "done": true
  },
  "minecraft:recipes/building_blocks/birch_slab": {
    "criteria": {
      "has_planks": "2024-05-15 06:05:27 +0000"
    },
    "done": true
  },
  "minecraft:recipes/decorations/yellow_bed_from_white_bed": {
    "criteria": {
      "has_bed": "2024-05-15 06:23:13 +0000"
    },
    "done": true
  },
  "cfm:recipes/cfm/stripped_birch_chair": {
    "criteria": {
      "has_planks": "2024-05-15 06:03:56 +0000"
    },
    "done": true
  },
  "securitycraft:recipes/securitycraft/secret_spruce_sign_item": {
    "criteria": {
      "has_sign": "2024-05-15 06:23:28 +0000"
    },
    "done": true
  },
  "minecraft:recipes/decorations/white_banner": {
    "criteria": {
      "has_white_wool": "2024-05-15 06:16:34 +0000"
    },
    "done": true
  },
  "cfm:recipes/cfm/stripped_birch_table": {
    "criteria": {
      "has_planks": "2024-05-15 06:03:56 +0000"
    },
    "done": true
  },
  "minecraft:recipes/food/cooked_mutton_from_grill_cooking": {
    "criteria": {
      "has_mutton": "2024-05-15 06:16:34 +0000"
    },
    "done": true
  },
  "minecraft:recipes/misc/magenta_dye_from_blue_red_white_dye": {
    "criteria": {
      "has_blue_dye": "2024-05-15 06:23:16 +0000"
    },
    "done": true
  },
  "minecraft:recipes/redstone/oak_fence_gate": {
    "criteria": {
      "has_planks": "2024-05-15 06:07:11 +0000"
    },
    "done": true
  },
  "cfm:recipes/cfm/white_sofa": {
    "criteria": {
      "has_wool": "2024-05-15 06:16:34 +0000"
    },
    "done": true
  },
  "cfm:recipes/cfm/birch_blinds": {
    "criteria": {
      "has_log": "2024-05-15 06:03:56 +0000"
    },
    "done": true
  },
  "minecraft:recipes/decorations/magenta_bed_from_white_bed": {
    "criteria": {
      "has_bed": "2024-05-15 06:23:13 +0000"
    },
    "done": true
  },
  "minecraft:recipes/decorations/orange_bed_from_white_bed": {
    "criteria": {
      "has_bed": "2024-05-15 06:23:13 +0000"
    },
    "done": true
  },
  "minecraft:recipes/building_blocks/blue_wool": {
    "criteria": {
      "has_white_wool": "2024-05-15 06:16:34 +0000"
    },
    "done": true
  },
  "minecraft:story/mine_stone": {
    "criteria": {
      "get_stone": "2024-05-15 06:06:00 +0000"
    },
    "done": true
  },
  "minecraft:recipes/decorations/furnace": {
    "criteria": {
      "has_cobblestone": "2024-05-15 06:06:00 +0000"
    },
    "done": true
  },
  "minecraft:recipes/misc/charcoal": {
    "criteria": {
      "has_log": "2024-05-15 06:03:56 +0000"
    },
    "done": true
  },
  "minecraft:adventure/sleep_in_bed": {
    "criteria": {
      "slept_in_bed": "2024-05-15 06:28:29 +0000"
    },
    "done": true
  },
  "minecraft:recipes/building_blocks/orange_wool": {
    "criteria": {
      "has_white_wool": "2024-05-15 06:16:34 +0000"
    },
    "done": true
  },
  "minecraft:recipes/tools/wooden_pickaxe": {
    "criteria": {
      "has_stick": "2024-05-15 06:05:39 +0000"
    },
    "done": true
  },
  "minecraft:recipes/building_blocks/cobblestone_slab_from_cobblestone_stonecutting": {
    "criteria": {
      "has_cobblestone": "2024-05-15 06:06:00 +0000"
    },
    "done": true
  },
  "minecraft:husbandry/root": {
    "criteria": {
      "consumed_item": "2024-05-15 06:21:24 +0000"
    },
    "done": true
  },
  "minecraft:recipes/building_blocks/oak_stairs": {
    "criteria": {
      "has_planks": "2024-05-15 06:07:11 +0000"
    },
    "done": true
  },
  "securitycraft:recipes/securitycraft/sonic_security_system": {
    "criteria": {
      "has_stick": "2024-05-15 06:05:39 +0000"
    },
    "done": true
  },
  "cfm:recipes/cfm/oak_kitchen_drawer": {
    "criteria": {
      "has_planks": "2024-05-15 06:07:11 +0000"
    },
    "done": true
  },
  "farmersdelight:recipes/farmersdelight/roasted_mutton_chops": {
    "criteria": {
      "has_mutton": "2024-05-15 06:21:17 +0000"
    },
    "done": true
  },
  "cfm:recipes/cfm/stripped_oak_coffee_table": {
    "criteria": {
      "has_planks": "2024-05-15 06:15:33 +0000"
    },
    "done": true
  },
  "cfm:recipes/cfm/stripped_oak_cabinet": {
    "criteria": {
      "has_log": "2024-05-15 06:15:33 +0000"
    },
    "done": true
  },
  "minecraft:recipes/decorations/birch_sign": {
    "criteria": {
      "has_planks": "2024-05-15 06:05:27 +0000"
    },
    "done": true
  },
  "farmersdelight:recipes/farmersdelight/cutting_board": {
    "criteria": {
      "has_stick": "2024-05-15 06:05:39 +0000"
    },
    "done": true
  },
  "knight_quest:kq_quest_source": {
    "criteria": {
      "kq_quest_source": "2024-05-15 06:00:49 +0000"
    },
    "done": true
  },
  "minecraft:recipes/decorations/cyan_bed_from_white_bed": {
    "criteria": {
      "has_bed": "2024-05-15 06:23:13 +0000"
    },
    "done": true
  },
  "minecraft:adventure/root": {
    "criteria": {
      "killed_something": "2024-05-15 06:16:33 +0000"
    },
    "done": true
  },
  "minecraft:recipes/decorations/black_bed": {
    "criteria": {
      "has_black_wool": "2024-05-15 06:16:52 +0000"
    },
    "done": true
  },
  "minecraft:recipes/decorations/gray_bed_from_white_bed": {
    "criteria": {
      "has_bed": "2024-05-15 06:23:13 +0000"
    },
    "done": true
  },
  "farmersdelight:main/root": {
    "criteria": {
      "seeds": "2024-05-15 06:03:11 +0000"
    },
    "done": true
  },
  "minecraft:recipes/decorations/lime_bed_from_white_bed": {
    "criteria": {
      "has_bed": "2024-05-15 06:23:13 +0000"
    },
    "done": true
  },
  "minecraft:recipes/tools/stone_hoe": {
    "criteria": {
      "has_cobblestone": "2024-05-15 06:06:00 +0000"
    },
    "done": true
  },
  "cfm:recipes/cfm/stripped_oak_desk_cabinet": {
    "criteria": {
      "has_planks": "2024-05-15 06:15:33 +0000"
    },
    "done": true
  },
  "cfm:recipes/cfm/oak_upgraded_gate": {
    "criteria": {
      "has_log": "2024-05-15 06:15:33 +0000"
    },
    "done": true
  },
  "minecraft:recipes/decorations/green_bed_from_white_bed": {
    "criteria": {
      "has_bed": "2024-05-15 06:23:13 +0000"
    },
    "done": true
  },
  "minecraft:recipes/building_blocks/birch_wood": {
    "criteria": {
      "has_log": "2024-05-15 06:03:56 +0000"
    },
    "done": true
  },
  "cfm:recipes/cfm/stripped_birch_desk": {
    "criteria": {
      "has_planks": "2024-05-15 06:03:56 +0000"
    },
    "done": true
  },
  "minecraft:recipes/decorations/white_carpet": {
    "criteria": {
      "has_white_wool": "2024-05-15 06:16:34 +0000"
    },
    "done": true
  },
  "minecraft:recipes/decorations/pink_bed_from_white_bed": {
    "criteria": {
      "has_bed": "2024-05-15 06:23:13 +0000"
    },
    "done": true
  },
  "minecraft:recipes/food/cooked_mutton_from_smoking": {
    "criteria": {
      "has_mutton": "2024-05-15 06:16:34 +0000"
    },
    "done": true
  },
  "minecraft:recipes/redstone/birch_door": {
    "criteria": {
      "has_planks": "2024-05-15 06:05:27 +0000"
    },
    "done": true
  },
  "betterdeserttemples:root": {
    "criteria": {
      "always": "2024-05-15 06:00:49 +0000"
    },
    "done": true
  },
  "minecraft:story/upgrade_tools": {
    "criteria": {
      "stone_pickaxe": "2024-05-15 06:06:17 +0000"
    },
    "done": true
  },
  "minecraft:recipes/misc/light_blue_dye_from_blue_white_dye": {
    "criteria": {
      "has_blue_dye": "2024-05-15 06:23:16 +0000"
    },
    "done": true
  },
  "minecraft:recipes/decorations/oak_fence": {
    "criteria": {
      "has_planks": "2024-05-15 06:07:11 +0000"
    },
    "done": true
  },
  "minecraft:recipes/decorations/birch_fence": {
    "criteria": {
      "has_planks": "2024-05-15 06:05:27 +0000"
    },
    "done": true
  },
  "minecraft:recipes/decorations/blue_bed_from_white_bed": {
    "criteria": {
      "has_bed": "2024-05-15 06:23:13 +0000"
    },
    "done": true
  },
  "securitycraft:recipes/securitycraft/secret_dark_oak_sign_item": {
    "criteria": {
      "has_sign": "2024-05-15 06:23:28 +0000"
    },
    "done": true
  },
  "minecraft:recipes/building_blocks/oak_slab": {
    "criteria": {
      "has_planks": "2024-05-15 06:07:11 +0000"
    },
    "done": true
  },
  "securitycraft:recipes/securitycraft/secret_crimson_sign_item": {
    "criteria": {
      "has_sign": "2024-05-15 06:23:28 +0000"
    },
    "done": true
  },
  "cfm:recipes/cfm/oak_park_bench": {
    "criteria": {
      "has_planks": "2024-05-15 06:07:11 +0000"
    },
    "done": true
  },
  "cfm:recipes/cfm/stripped_oak_park_bench": {
    "criteria": {
      "has_log": "2024-05-15 06:15:33 +0000"
    },
    "done": true
  },
  "minecraft:recipes/tools/wooden_axe": {
    "criteria": {
      "has_stick": "2024-05-15 06:05:39 +0000"
    },
    "done": true
  },
  "minecraft:recipes/building_blocks/lime_wool": {
    "criteria": {
      "has_white_wool": "2024-05-15 06:16:34 +0000"
    },
    "done": true
  },
  "minecraft:recipes/misc/cyan_dye": {
    "criteria": {
      "has_blue_dye": "2024-05-15 06:23:16 +0000"
    },
    "done": true
  },
  "cfm:recipes/cfm/birch_table": {
    "criteria": {
      "has_log": "2024-05-15 06:03:56 +0000"
    },
    "done": true
  },
  "cfm:recipes/cfm/stripped_birch_cabinet": {
    "criteria": {
      "has_log": "2024-05-15 06:03:56 +0000"
    },
    "done": true
  },
  "securitycraft:recipes/securitycraft/secret_warped_sign_item": {
    "criteria": {
      "has_sign": "2024-05-15 06:23:28 +0000"
    },
    "done": true
  },
  "minecraft:recipes/building_blocks/black_wool": {
    "criteria": {
      "has_white_wool": "2024-05-15 06:16:34 +0000"
    },
    "done": true
  },
  "cfm:recipes/cfm/stripped_birch_desk_cabinet": {
    "criteria": {
      "has_planks": "2024-05-15 06:03:56 +0000"
    },
    "done": true
  },
  "minecraft:recipes/building_blocks/green_wool": {
    "criteria": {
      "has_white_wool": "2024-05-15 06:16:34 +0000"
    },
    "done": true
  },
  "minecraft:recipes/misc/blue_dye_from_cornflower": {
    "criteria": {
      "has_cornflower": "2024-05-15 06:04:03 +0000"
    },
    "done": true
  },
  "minecraft:recipes/building_blocks/brown_wool": {
    "criteria": {
      "has_white_wool": "2024-05-15 06:16:34 +0000"
    },
    "done": true
  },
  "farmersdelight:recipes/farmersdelight/mutton_wrap": {
    "criteria": {
      "has_mutton": "2024-05-15 06:21:17 +0000"
    },
    "done": true
  },
  "farmersdelight:recipes/farmersdelight/cooking/pasta_with_mutton_chop": {
    "criteria": {
      "has_any_ingredient": "2024-05-15 06:16:34 +0000"
    },
    "done": true
  },
  "cfm:recipes/cfm/birch_upgraded_fence": {
    "criteria": {
      "has_log": "2024-05-15 06:03:56 +0000"
    },
    "done": true
  },
  "cfm:recipes/cfm/stripped_birch_kitchen_drawer": {
    "criteria": {
      "has_log": "2024-05-15 06:03:56 +0000"
    },
    "done": true
  },
  "cfm:recipes/cfm/stripped_oak_crate": {
    "criteria": {
      "has_planks": "2024-05-15 06:15:33 +0000"
    },
    "done": true
  },
  "minecraft:recipes/redstone/birch_button": {
    "criteria": {
      "has_planks": "2024-05-15 06:05:27 +0000"
    },
    "done": true
  },
  "cfm:recipes/cfm/oak_chair": {
    "criteria": {
      "has_planks": "2024-05-15 06:07:11 +0000"
    },
    "done": true
  },
  "minecraft:recipes/decorations/painting": {
    "criteria": {
      "has_wool": "2024-05-15 06:16:34 +0000"
    },
    "done": true
  },
  "securitycraft:recipes/securitycraft/sc_manual": {
    "criteria": {
      "has_wood": "2024-05-15 06:03:56 +0000"
    },
    "done": true
  },
  "moguns:crayfish/root": {
    "criteria": {
      "tick": "2024-05-15 06:00:49 +0000"
    },
    "done": true
  },
  "cfm:recipes/cfm/birch_bedside_cabinet": {
    "criteria": {
      "has_log": "2024-05-15 06:03:56 +0000"
    },
    "done": true
  },
  "minecraft:recipes/decorations/black_carpet": {
    "criteria": {
      "has_black_wool": "2024-05-15 06:16:52 +0000"
    },
    "done": true
  },
  "minecraft:recipes/building_blocks/coal_block": {
    "criteria": {
      "has_coal": "2024-05-15 06:39:21 +0000"
    },
    "done": true
  },
  "securitycraft:recipes/securitycraft/secret_mangrove_sign_item": {
    "criteria": {
      "has_sign": "2024-05-15 06:23:28 +0000"
    },
    "done": true
  },
  "minecraft:recipes/misc/yellow_dye_from_dandelion": {
    "criteria": {
      "has_dandelion": "2024-05-15 06:14:38 +0000"
    },
    "done": true
  },
  "cfm:recipes/cfm/birch_kitchen_counter": {
    "criteria": {
      "has_log": "2024-05-15 06:03:56 +0000"
    },
    "done": true
  },
  "cfm:recipes/cfm/stripped_oak_bedside_cabinet": {
    "criteria": {
      "has_planks": "2024-05-15 06:15:33 +0000"
    },
    "done": true
  },
  "minecraft:recipes/building_blocks/light_blue_wool": {
    "criteria": {
      "has_white_wool": "2024-05-15 06:16:34 +0000"
    },
    "done": true
  },
  "minecraft:recipes/combat/wooden_sword": {
    "criteria": {
      "has_stick": "2024-05-15 06:05:39 +0000"
    },
    "done": true
  },
  "minecraft:recipes/tools/stone_shovel": {
    "criteria": {
      "has_cobblestone": "2024-05-15 06:06:00 +0000"
    },
    "done": true
  },
  "minecraft:recipes/building_blocks/oak_planks": {
    "criteria": {
      "has_logs": "2024-05-15 06:15:33 +0000"
    },
    "done": true
  },
  "farmersdelight:recipes/farmersdelight/cooking/bone_broth": {
    "criteria": {
      "has_bone": "2024-05-15 06:40:52 +0000"
    },
    "done": true
  },
  "securitycraft:recipes/securitycraft/reinforced_andesite": {
    "criteria": {
      "has_cobblestone": "2024-05-15 06:06:00 +0000"
    },
    "done": true
  },
  "cfm:recipes/cfm/birch_coffee_table": {
    "criteria": {
      "has_log": "2024-05-15 06:03:56 +0000"
    },
    "done": true
  },
  "cfm:recipes/cfm/stripped_oak_kitchen_counter": {
    "criteria": {
      "has_log": "2024-05-15 06:15:33 +0000"
    },
    "done": true
  },
  "cfm:recipes/cfm/oak_table": {
    "criteria": {
      "has_planks": "2024-05-15 06:07:11 +0000"
    },
    "done": true
  },
  "cfm:recipes/cfm/birch_desk_cabinet": {
    "criteria": {
      "has_log": "2024-05-15 06:03:56 +0000"
    },
    "done": true
  },
  "minecraft:recipes/decorations/black_banner": {
    "criteria": {
      "has_black_wool": "2024-05-15 06:16:52 +0000"
    },
    "done": true
  },
  "farmersdelight:recipes/farmersdelight/shepherds_pie_block": {
    "criteria": {
      "has_cooked_mutton": "2024-05-15 06:21:17 +0000"
    },
    "done": true
  },
  "minecraft:recipes/redstone/oak_pressure_plate": {
    "criteria": {
      "has_planks": "2024-05-15 06:07:11 +0000"
    },
    "done": true
  },
  "cfm:recipes/cfm/birch_chair": {
    "criteria": {
      "has_log": "2024-05-15 06:03:56 +0000"
    },
    "done": true
  },
  "minecraft:recipes/misc/bone_meal": {
    "criteria": {
      "has_bone": "2024-05-15 06:40:52 +0000"
    },
    "done": true
  },
  "minecraft:recipes/building_blocks/birch_planks": {
    "criteria": {
      "has_logs": "2024-05-15 06:03:56 +0000"
    },
    "done": true
  },
  "cfm:recipes/cfm/oak_desk": {
    "criteria": {
      "has_planks": "2024-05-15 06:07:11 +0000"
    },
    "done": true
  },
  "cfm:recipes/cfm/stripped_birch_crate": {
    "criteria": {
      "has_planks": "2024-05-15 06:03:56 +0000"
    },
    "done": true
  },
  "cfm:recipes/cfm/stripped_birch_coffee_table": {
    "criteria": {
      "has_planks": "2024-05-15 06:03:56 +0000"
    },
    "done": true
  },
  "minecraft:recipes/building_blocks/oak_wood": {
    "criteria": {
      "has_log": "2024-05-15 06:15:33 +0000"
    },
    "done": true
  },
  "minecraft:recipes/redstone/birch_fence_gate": {
    "criteria": {
      "has_planks": "2024-05-15 06:05:27 +0000"
    },
    "done": true
  },
  "minecraft:story/root": {
    "criteria": {
      "crafting_table": "2024-05-15 06:05:37 +0000"
    },
    "done": true
  },
  "minecraft:recipes/combat/crossbow": {
    "criteria": {
      "has_stick": "2024-05-15 06:05:39 +0000"
    },
    "done": true
  },
  "minecraft:recipes/building_blocks/yellow_wool": {
    "criteria": {
      "has_white_wool": "2024-05-15 06:16:34 +0000"
    },
    "done": true
  },
  "minecraft:recipes/decorations/oak_sign": {
    "criteria": {
      "has_planks": "2024-05-15 06:07:11 +0000"
    },
    "done": true
  },
  "minecraft:recipes/redstone/oak_trapdoor": {
    "criteria": {
      "has_planks": "2024-05-15 06:07:11 +0000"
    },
    "done": true
  },
  "cfm:recipes/cfm/dye_blue_picket_fence": {
    "criteria": {
      "has_dye": "2024-05-15 06:23:16 +0000"
    },
    "done": true
  },
  "duck-money:recipes/misc/recipe_13": {
    "criteria": {
      "null": "2024-05-15 06:03:11 +0000"
    },
    "done": true
  },
  "duck-money:recipes/misc/recipe_14": {
    "criteria": {
      "null": "2024-05-15 06:03:11 +0000"
    },
    "done": true
  },
  "cfm:recipes/cfm/stripped_oak_desk": {
    "criteria": {
      "has_planks": "2024-05-15 06:15:33 +0000"
    },
    "done": true
  },
  "minecraft:recipes/decorations/light_blue_bed_from_white_bed": {
    "criteria": {
      "has_bed": "2024-05-15 06:23:13 +0000"
    },
    "done": true
  },
  "duck-money:recipes/misc/recipe_11": {
    "criteria": {
      "null": "2024-05-15 06:03:11 +0000"
    },
    "done": true
  },
  "betterdungeons:root": {
    "criteria": {
      "always": "2024-05-15 06:00:49 +0000"
    },
    "done": true
  },
  "duck-money:recipes/misc/recipe_12": {
    "criteria": {
      "null": "2024-05-15 06:03:11 +0000"
    },
    "done": true
  },
  "cfm:recipes/cfm/stripped_birch_park_bench": {
    "criteria": {
      "has_log": "2024-05-15 06:03:56 +0000"
    },
    "done": true
  },
  "duck-money:recipes/misc/recipe_10": {
    "criteria": {
      "null": "2024-05-15 06:03:11 +0000"
    },
    "done": true
  },
  "securitycraft:recipes/securitycraft/reinforced_diorite": {
    "criteria": {
      "has_cobblestone": "2024-05-15 06:06:00 +0000"
    },
    "done": true
  },
  "minecraft:recipes/redstone/oak_button": {
    "criteria": {
      "has_planks": "2024-05-15 06:07:11 +0000"
    },
    "done": true
  },
  "securitycraft:recipes/securitycraft/secret_acacia_sign_item": {
    "criteria": {
      "has_sign": "2024-05-15 06:23:28 +0000"
    },
    "done": true
  },
  "minecraft:recipes/misc/magenta_dye_from_blue_red_pink": {
    "criteria": {
      "has_blue_dye": "2024-05-15 06:23:16 +0000"
    },
    "done": true
  },
  "cfm:recipes/cfm/oak_cabinet": {
    "criteria": {
      "has_planks": "2024-05-15 06:07:11 +0000"
    },
    "done": true
  },
  "farmersdelight:recipes/farmersdelight/flint_knife": {
    "criteria": {
      "has_stick": "2024-05-15 06:05:39 +0000"
    },
    "done": true
  },
  "minecraft:recipes/decorations/blue_carpet_from_white_carpet": {
    "criteria": {
      "has_blue_dye": "2024-05-15 06:23:16 +0000"
    },
    "done": true
  },
  "minecraft:recipes/building_blocks/stone": {
    "criteria": {
      "has_cobblestone": "2024-05-15 06:06:00 +0000"
    },
    "done": true
  },
  "moguns:weapons/root": {
    "criteria": {
      "tick": "2024-05-15 06:00:49 +0000"
    },
    "done": true
  },
  "duck-money:recipes/misc/recipe_19": {
    "criteria": {
      "null": "2024-05-15 06:03:11 +0000"
    },
    "done": true
  },
  "duck-money:recipes/misc/recipe_17": {
    "criteria": {
      "null": "2024-05-15 06:03:11 +0000"
    },
    "done": true
  },
  "duck-money:recipes/misc/recipe_18": {
    "criteria": {
      "null": "2024-05-15 06:03:11 +0000"
    },
    "done": true
  },
  "minecraft:adventure/adventuring_time": {
    "criteria": {
      "minecraft:forest": "2024-05-15 06:04:16 +0000",
      "minecraft:meadow": "2024-05-15 06:00:51 +0000"
    },
    "done": false
  },
  "duck-money:recipes/misc/recipe_15": {
    "criteria": {
      "null": "2024-05-15 06:03:11 +0000"
    },
    "done": true
  },
  "duck-money:recipes/misc/recipe_16": {
    "criteria": {
      "null": "2024-05-15 06:03:11 +0000"
    },
    "done": true
  },
  "duck-money:recipes/misc/recipe_24": {
    "criteria": {
      "null": "2024-05-15 06:03:11 +0000"
    },
    "done": true
  },
  "minecraft:recipes/decorations/purple_bed_from_white_bed": {
    "criteria": {
      "has_bed": "2024-05-15 06:23:13 +0000"
    },
    "done": true
  },
  "duck-money:recipes/misc/recipe_25": {
    "criteria": {
      "null": "2024-05-15 06:03:11 +0000"
    },
    "done": true
  },
  "duck-money:recipes/misc/recipe_22": {
    "criteria": {
      "null": "2024-05-15 06:03:11 +0000"
    },
    "done": true
  },
  "duck-money:recipes/misc/recipe_23": {
    "criteria": {
      "null": "2024-05-15 06:03:11 +0000"
    },
    "done": true
  },
  "duck-money:recipes/misc/recipe_20": {
    "criteria": {
      "null": "2024-05-15 06:03:11 +0000"
    },
    "done": true
  },
  "duck-money:recipes/misc/recipe_21": {
    "criteria": {
      "null": "2024-05-15 06:03:11 +0000"
    },
    "done": true
  },
  "minecraft:recipes/combat/stone_sword": {
    "criteria": {
      "has_cobblestone": "2024-05-15 06:06:00 +0000"
    },
    "done": true
  },
  "minecraft:recipes/decorations/barrel": {
    "criteria": {
      "has_planks": "2024-05-15 06:05:27 +0000"
    },
    "done": true
  },
  "minecraft:recipes/decorations/cobblestone_wall": {
    "criteria": {
      "has_cobblestone": "2024-05-15 06:06:00 +0000"
    },
    "done": true
  },
  "minecraft:recipes/tools/stone_pickaxe": {
    "criteria": {
      "has_cobblestone": "2024-05-15 06:06:00 +0000"
    },
    "done": true
  },
  "cfm:recipes/cfm/oak_desk_cabinet": {
    "criteria": {
      "has_planks": "2024-05-15 06:07:11 +0000"
    },
    "done": true
  },
  "minecraft:recipes/redstone/oak_door": {
    "criteria": {
      "has_planks": "2024-05-15 06:07:11 +0000"
    },
    "done": true
  },
  "cfm:recipes/cfm/black_sofa": {
    "criteria": {
      "has_wool": "2024-05-15 06:16:52 +0000"
    },
    "done": true
  },
  "securitycraft:recipes/securitycraft/motion_activated_light": {
    "criteria": {
      "has_stick": "2024-05-15 06:05:39 +0000"
    },
    "done": true
  },
  "minecraft:recipes/misc/purple_dye": {
    "criteria": {
      "has_blue_dye": "2024-05-15 06:23:16 +0000"
    },
    "done": true
  },
  "duck-money:recipes/misc/recipe_28": {
    "criteria": {
      "null": "2024-05-15 06:03:11 +0000"
    },
    "done": true
  },
  "minecraft:recipes/decorations/cobblestone_wall_from_cobblestone_stonecutting": {
    "criteria": {
      "has_cobblestone": "2024-05-15 06:06:00 +0000"
    },
    "done": true
  },
  "duck-money:recipes/misc/recipe_29": {
    "criteria": {
      "null": "2024-05-15 06:03:11 +0000"
    },
    "done": true
  },
  "duck-money:recipes/misc/recipe_26": {
    "criteria": {
      "null": "2024-05-15 06:03:11 +0000"
    },
    "done": true
  },
  "duck-money:recipes/misc/recipe_27": {
    "criteria": {
      "null": "2024-05-15 06:03:11 +0000"
    },
    "done": true
  },
  "duck-money:recipes/misc/recipe_35": {
    "criteria": {
      "null": "2024-05-15 06:03:11 +0000"
    },
    "done": true
  },
  "minecraft:recipes/building_blocks/birch_stairs": {
    "criteria": {
      "has_planks": "2024-05-15 06:05:27 +0000"
    },
    "done": true
  },
  "duck-money:recipes/misc/recipe_36": {
    "criteria": {
      "null": "2024-05-15 06:03:11 +0000"
    },
    "done": true
  },
  "duck-money:recipes/misc/recipe_33": {
    "criteria": {
      "null": "2024-05-15 06:03:11 +0000"
    },
    "done": true
  },
  "duck-money:recipes/misc/recipe_34": {
    "criteria": {
      "null": "2024-05-15 06:03:11 +0000"
    },
    "done": true
  },
  "duck-money:recipes/misc/recipe_31": {
    "criteria": {
      "null": "2024-05-15 06:03:11 +0000"
    },
    "done": true
  },
  "duck-money:recipes/misc/recipe_32": {
    "criteria": {
      "null": "2024-05-15 06:03:11 +0000"
    },
    "done": true
  },
  "duck-money:recipes/misc/recipe_30": {
    "criteria": {
      "null": "2024-05-15 06:03:11 +0000"
    },
    "done": true
  },
  "minecraft:recipes/building_blocks/pink_wool": {
    "criteria": {
      "has_white_wool": "2024-05-15 06:16:34 +0000"
    },
    "done": true
  },
  "butchercraft:recipes/farmersdelight/kebab": {
    "criteria": {
      "has_stick": "2024-05-15 06:05:39 +0000"
    },
    "done": true
  },
  "minecraft:recipes/decorations/brown_bed_from_white_bed": {
    "criteria": {
      "has_bed": "2024-05-15 06:23:13 +0000"
    },
    "done": true
  },
  "dungeons_arise:wda_root": {
    "criteria": {
      "WDA": "2024-05-15 06:00:49 +0000"
    },
    "done": true
  },
  "minecraft:recipes/redstone/birch_trapdoor": {
    "criteria": {
      "has_planks": "2024-05-15 06:05:27 +0000"
    },
    "done": true
  },
  "duck-money:recipes/misc/recipe_39": {
    "criteria": {
      "null": "2024-05-15 06:03:11 +0000"
    },
    "done": true
  },
  "cfm:recipes/cfm/oak_upgraded_fence": {
    "criteria": {
      "has_log": "2024-05-15 06:15:33 +0000"
    },
    "done": true
  },
  "duck-money:recipes/misc/recipe_37": {
    "criteria": {
      "null": "2024-05-15 06:03:11 +0000"
    },
    "done": true
  },
  "securitycraft:recipes/securitycraft/secret_birch_sign_item": {
    "criteria": {
      "has_sign": "2024-05-15 06:23:28 +0000"
    },
    "done": true
  },
  "duck-money:recipes/misc/recipe_38": {
    "criteria": {
      "null": "2024-05-15 06:03:11 +0000"
    },
    "done": true
  },
  "duck-money:recipes/misc/recipe_46": {
    "criteria": {
      "null": "2024-05-15 06:03:11 +0000"
    },
    "done": true
  },
  "duck-money:recipes/misc/recipe_47": {
    "criteria": {
      "null": "2024-05-15 06:03:11 +0000"
    },
    "done": true
  },
  "duck-money:recipes/misc/recipe_44": {
    "criteria": {
      "null": "2024-05-15 06:03:11 +0000"
    },
    "done": true
  },
  "duck-money:recipes/misc/recipe_45": {
    "criteria": {
      "null": "2024-05-15 06:03:11 +0000"
    },
    "done": true
  },
  "duck-money:recipes/misc/recipe_42": {
    "criteria": {
      "null": "2024-05-15 06:03:11 +0000"
    },
    "done": true
  },
  "duck-money:recipes/misc/recipe_43": {
    "criteria": {
      "null": "2024-05-15 06:03:11 +0000"
    },
    "done": true
  },
  "duck-money:recipes/misc/recipe_40": {
    "criteria": {
      "null": "2024-05-15 06:03:11 +0000"
    },
    "done": true
  },
  "duck-money:recipes/misc/recipe_41": {
    "criteria": {
      "null": "2024-05-15 06:03:11 +0000"
    },
    "done": true
  },
  "cfm:recipes/cfm/birch_kitchen_drawer": {
    "criteria": {
      "has_log": "2024-05-15 06:03:56 +0000"
    },
    "done": true
  },
  "minecraft:recipes/building_blocks/light_gray_wool": {
    "criteria": {
      "has_white_wool": "2024-05-15 06:16:34 +0000"
    },
    "done": true
  },
  "minecraft:recipes/decorations/red_bed_from_white_bed": {
    "criteria": {
      "has_bed": "2024-05-15 06:23:13 +0000"
    },
    "done": true
  },
  "minecraft:recipes/building_blocks/red_wool": {
    "criteria": {
      "has_white_wool": "2024-05-15 06:16:34 +0000"
    },
    "done": true
  },
  "minecraft:recipes/decorations/soul_campfire": {
    "criteria": {
      "has_stick": "2024-05-15 06:05:39 +0000"
    },
    "done": true
  },
  "minecraft:recipes/tools/stone_axe": {
    "criteria": {
      "has_cobblestone": "2024-05-15 06:06:00 +0000"
    },
    "done": true
  },
  "cfm:recipes/cfm/birch_cabinet": {
    "criteria": {
      "has_log": "2024-05-15 06:03:56 +0000"
    },
    "done": true
  },
  "minecraft:recipes/food/cooked_mutton": {
    "criteria": {
      "has_mutton": "2024-05-15 06:16:34 +0000"
    },
    "done": true
  },
  "securitycraft:recipes/securitycraft/secret_sign_item": {
    "criteria": {
      "has_sign": "2024-05-15 06:23:28 +0000"
    },
    "done": true
  },
  "minecraft:recipes/decorations/light_gray_bed_from_white_bed": {
    "criteria": {
      "has_bed": "2024-05-15 06:23:13 +0000"
    },
    "done": true
  },
  "cfm:recipes/cfm/oak_kitchen_sink_light": {
    "criteria": {
      "has_bottom": "2024-05-15 06:07:11 +0000"
    },
    "done": true
  },
  "duck-money:recipes/misc/recipe_48": {
    "criteria": {
      "null": "2024-05-15 06:03:11 +0000"
    },
    "done": true
  },
  "duck-money:recipes/misc/recipe_49": {
    "criteria": {
      "null": "2024-05-15 06:03:11 +0000"
    },
    "done": true
  },
  "cfm:recipes/cfm/birch_kitchen_sink_dark": {
    "criteria": {
      "has_bottom": "2024-05-15 06:05:27 +0000"
    },
    "done": true
  },
  "cfm:recipes/cfm/oak_coffee_table": {
    "criteria": {
      "has_planks": "2024-05-15 06:07:11 +0000"
    },
    "done": true
  },
  "DataVersion": 3120
}